ISO-10303-21;
HEADER;
FILE_DESCRIPTION(('FreeCAD Model'),'2;1');
FILE_NAME('Open CASCADE Shape Model','2026-09-28T03:21:10',('FreeCAD'),(
    'FreeCAD'),'Open CASCADE STEP processor 7.9','FreeCAD','Unknown');
FILE_SCHEMA(('AUTOMOTIVE_DESIGN { 1 0 10303 214 1 1 1 1 }'));
ENDSEC;
DATA;
#1 = APPLICATION_PROTOCOL_DEFINITION('international standard',
  'automotive_design',2000,#2);
#2 = APPLICATION_CONTEXT(
  'core data for automotive mechanical design processes');
#3 = SHAPE_DEFINITION_REPRESENTATION(#4,#10);
#4 = PRODUCT_DEFINITION_SHAPE('','',#5);
#5 = PRODUCT_DEFINITION('design','',#6,#9);
#6 = PRODUCT_DEFINITION_FORMATION('','',#7);
#7 = PRODUCT('Open CASCADE STEP translator 7.9 2',
  'Open CASCADE STEP translator 7.9 2','',(#8));
#8 = PRODUCT_CONTEXT('',#2,'mechanical');
#9 = PRODUCT_DEFINITION_CONTEXT('part definition',#2,'design');
#10 = ADVANCED_BREP_SHAPE_REPRESENTATION('',(#11,#15),#2600);
#11 = AXIS2_PLACEMENT_3D('',#12,#13,#14);
#12 = CARTESIAN_POINT('',(0.,0.,0.));
#13 = DIRECTION('',(0.,0.,1.));
#14 = DIRECTION('',(1.,0.,-0.));
#15 = MANIFOLD_SOLID_BREP('',#16);
#16 = CLOSED_SHELL('',(#17,#57,#348,#373,#398,#422,#446,#471,#496,#513,
    #538,#569,#593,#617,#648,#672,#696,#713,#744,#768,#792,#809,#834,
    #865,#889,#913,#930,#961,#985,#1009,#1026,#1035,#1063,#1109,#1155,
    #1175,#1221,#1267,#1292,#1323,#1571,#1603,#1627,#1652,#1676,#1701,
    #1725,#1750,#1767,#1784,#1801,#1813,#1835,#1852,#1869,#1881,#1898,
    #1920,#1937,#1954,#1966,#1988,#2005,#2022,#2034,#2043,#2182,#2213,
    #2237,#2262,#2293,#2317,#2342,#2359,#2383,#2408,#2432,#2457,#2474,
    #2494,#2519,#2528,#2554,#2571,#2588));
#17 = ADVANCED_FACE('',(#18),#52,.F.);
#18 = FACE_BOUND('',#19,.F.);
#19 = EDGE_LOOP('',(#20,#30,#38,#46));
#20 = ORIENTED_EDGE('',*,*,#21,.F.);
#21 = EDGE_CURVE('',#22,#24,#26,.T.);
#22 = VERTEX_POINT('',#23);
#23 = CARTESIAN_POINT('',(0.,55.7,1.7763568394E-15));
#24 = VERTEX_POINT('',#25);
#25 = CARTESIAN_POINT('',(0.,4.9,7.993605777301E-15));
#26 = LINE('',#27,#28);
#27 = CARTESIAN_POINT('',(1.110223024625E-15,60.6,8.881784197001E-16));
#28 = VECTOR('',#29,1.);
#29 = DIRECTION('',(0.,-1.,1.224646799147E-16));
#30 = ORIENTED_EDGE('',*,*,#31,.F.);
#31 = EDGE_CURVE('',#32,#22,#34,.T.);
#32 = VERTEX_POINT('',#33);
#33 = CARTESIAN_POINT('',(0.,55.7,5.7));
#34 = LINE('',#35,#36);
#35 = CARTESIAN_POINT('',(0.,55.7,5.7));
#36 = VECTOR('',#37,1.);
#37 = DIRECTION('',(0.,-1.224646799147E-16,-1.));
#38 = ORIENTED_EDGE('',*,*,#39,.T.);
#39 = EDGE_CURVE('',#32,#40,#42,.T.);
#40 = VERTEX_POINT('',#41);
#41 = CARTESIAN_POINT('',(0.,4.9,5.7));
#42 = LINE('',#43,#44);
#43 = CARTESIAN_POINT('',(1.110223024625E-15,60.6,5.7));
#44 = VECTOR('',#45,1.);
#45 = DIRECTION('',(0.,-1.,1.224646799147E-16));
#46 = ORIENTED_EDGE('',*,*,#47,.T.);
#47 = EDGE_CURVE('',#40,#24,#48,.T.);
#48 = LINE('',#49,#50);
#49 = CARTESIAN_POINT('',(0.,4.9,5.7));
#50 = VECTOR('',#51,1.);
#51 = DIRECTION('',(0.,-1.224646799147E-16,-1.));
#52 = PLANE('',#53);
#53 = AXIS2_PLACEMENT_3D('',#54,#55,#56);
#54 = CARTESIAN_POINT('',(1.110223024625E-15,60.6,5.7));
#55 = DIRECTION('',(1.,0.,0.));
#56 = DIRECTION('',(0.,-1.224646799147E-16,-1.));
#57 = ADVANCED_FACE('',(#58,#119,#130,#196,#230,#264,#275,#309),#343,.T.
  );
#58 = FACE_BOUND('',#59,.T.);
#59 = EDGE_LOOP('',(#60,#61,#70,#78,#87,#95,#104,#112));
#60 = ORIENTED_EDGE('',*,*,#21,.F.);
#61 = ORIENTED_EDGE('',*,*,#62,.T.);
#62 = EDGE_CURVE('',#22,#63,#65,.T.);
#63 = VERTEX_POINT('',#64);
#64 = CARTESIAN_POINT('',(4.9,60.6,8.881784197001E-16));
#65 = CIRCLE('',#66,4.9);
#66 = AXIS2_PLACEMENT_3D('',#67,#68,#69);
#67 = CARTESIAN_POINT('',(4.9,55.7,1.7763568394E-15));
#68 = DIRECTION('',(0.,-1.224646799147E-16,-1.));
#69 = DIRECTION('',(0.,1.,-1.224646799147E-16));
#70 = ORIENTED_EDGE('',*,*,#71,.T.);
#71 = EDGE_CURVE('',#63,#72,#74,.T.);
#72 = VERTEX_POINT('',#73);
#73 = CARTESIAN_POINT('',(28.9,60.6,8.881784197001E-16));
#74 = LINE('',#75,#76);
#75 = CARTESIAN_POINT('',(1.110223024625E-15,60.6,8.881784197001E-16));
#76 = VECTOR('',#77,1.);
#77 = DIRECTION('',(1.,0.,0.));
#78 = ORIENTED_EDGE('',*,*,#79,.F.);
#79 = EDGE_CURVE('',#80,#72,#82,.T.);
#80 = VERTEX_POINT('',#81);
#81 = CARTESIAN_POINT('',(33.8,55.7,1.7763568394E-15));
#82 = CIRCLE('',#83,4.9);
#83 = AXIS2_PLACEMENT_3D('',#84,#85,#86);
#84 = CARTESIAN_POINT('',(28.9,55.7,1.7763568394E-15));
#85 = DIRECTION('',(0.,1.224646799147E-16,1.));
#86 = DIRECTION('',(0.,1.,-1.224646799147E-16));
#87 = ORIENTED_EDGE('',*,*,#88,.T.);
#88 = EDGE_CURVE('',#80,#89,#91,.T.);
#89 = VERTEX_POINT('',#90);
#90 = CARTESIAN_POINT('',(33.8,4.9,7.993605777301E-15));
#91 = LINE('',#92,#93);
#92 = CARTESIAN_POINT('',(33.8,60.6,8.881784197001E-16));
#93 = VECTOR('',#94,1.);
#94 = DIRECTION('',(0.,-1.,1.224646799147E-16));
#95 = ORIENTED_EDGE('',*,*,#96,.T.);
#96 = EDGE_CURVE('',#89,#97,#99,.T.);
#97 = VERTEX_POINT('',#98);
#98 = CARTESIAN_POINT('',(28.9,0.,8.881784197001E-15));
#99 = CIRCLE('',#100,4.9);
#100 = AXIS2_PLACEMENT_3D('',#101,#102,#103);
#101 = CARTESIAN_POINT('',(28.9,4.9,7.993605777301E-15));
#102 = DIRECTION('',(0.,-1.224646799147E-16,-1.));
#103 = DIRECTION('',(0.,1.,-1.224646799147E-16));
#104 = ORIENTED_EDGE('',*,*,#105,.F.);
#105 = EDGE_CURVE('',#106,#97,#108,.T.);
#106 = VERTEX_POINT('',#107);
#107 = CARTESIAN_POINT('',(4.9,0.,8.881784197001E-15));
#108 = LINE('',#109,#110);
#109 = CARTESIAN_POINT('',(1.110223024625E-15,0.,8.881784197001E-15));
#110 = VECTOR('',#111,1.);
#111 = DIRECTION('',(1.,0.,0.));
#112 = ORIENTED_EDGE('',*,*,#113,.F.);
#113 = EDGE_CURVE('',#24,#106,#114,.T.);
#114 = CIRCLE('',#115,4.9);
#115 = AXIS2_PLACEMENT_3D('',#116,#117,#118);
#116 = CARTESIAN_POINT('',(4.9,4.9,7.993605777301E-15));
#117 = DIRECTION('',(0.,1.224646799147E-16,1.));
#118 = DIRECTION('',(0.,1.,-1.224646799147E-16));
#119 = FACE_BOUND('',#120,.T.);
#120 = EDGE_LOOP('',(#121));
#121 = ORIENTED_EDGE('',*,*,#122,.F.);
#122 = EDGE_CURVE('',#123,#123,#125,.T.);
#123 = VERTEX_POINT('',#124);
#124 = CARTESIAN_POINT('',(27.9,28.4,5.329070518201E-15));
#125 = CIRCLE('',#126,2.);
#126 = AXIS2_PLACEMENT_3D('',#127,#128,#129);
#127 = CARTESIAN_POINT('',(25.9,28.4,5.329070518201E-15));
#128 = DIRECTION('',(0.,-1.224646799147E-16,-1.));
#129 = DIRECTION('',(1.,0.,0.));
#130 = FACE_BOUND('',#131,.T.);
#131 = EDGE_LOOP('',(#132,#142,#150,#158,#166,#174,#182,#190));
#132 = ORIENTED_EDGE('',*,*,#133,.T.);
#133 = EDGE_CURVE('',#134,#136,#138,.T.);
#134 = VERTEX_POINT('',#135);
#135 = CARTESIAN_POINT('',(30.4,23.9,5.329070518201E-15));
#136 = VERTEX_POINT('',#137);
#137 = CARTESIAN_POINT('',(21.4,23.9,5.329070518201E-15));
#138 = LINE('',#139,#140);
#139 = CARTESIAN_POINT('',(10.7,23.9,5.329070518201E-15));
#140 = VECTOR('',#141,1.);
#141 = DIRECTION('',(-1.,0.,-0.));
#142 = ORIENTED_EDGE('',*,*,#143,.T.);
#143 = EDGE_CURVE('',#136,#144,#146,.T.);
#144 = VERTEX_POINT('',#145);
#145 = CARTESIAN_POINT('',(21.4,23.3,5.329070518201E-15));
#146 = LINE('',#147,#148);
#147 = CARTESIAN_POINT('',(21.4,42.25,3.552713678801E-15));
#148 = VECTOR('',#149,1.);
#149 = DIRECTION('',(0.,-1.,1.224646799147E-16));
#150 = ORIENTED_EDGE('',*,*,#151,.F.);
#151 = EDGE_CURVE('',#152,#144,#154,.T.);
#152 = VERTEX_POINT('',#153);
#153 = CARTESIAN_POINT('',(31.,23.3,5.329070518201E-15));
#154 = LINE('',#155,#156);
#155 = CARTESIAN_POINT('',(10.7,23.3,5.329070518201E-15));
#156 = VECTOR('',#157,1.);
#157 = DIRECTION('',(-1.,0.,-0.));
#158 = ORIENTED_EDGE('',*,*,#159,.F.);
#159 = EDGE_CURVE('',#160,#152,#162,.T.);
#160 = VERTEX_POINT('',#161);
#161 = CARTESIAN_POINT('',(31.,33.5,4.440892098501E-15));
#162 = LINE('',#163,#164);
#163 = CARTESIAN_POINT('',(31.,42.25,3.552713678801E-15));
#164 = VECTOR('',#165,1.);
#165 = DIRECTION('',(0.,-1.,1.224646799147E-16));
#166 = ORIENTED_EDGE('',*,*,#167,.T.);
#167 = EDGE_CURVE('',#160,#168,#170,.T.);
#168 = VERTEX_POINT('',#169);
#169 = CARTESIAN_POINT('',(21.4,33.5,4.440892098501E-15));
#170 = LINE('',#171,#172);
#171 = CARTESIAN_POINT('',(10.7,33.5,4.440892098501E-15));
#172 = VECTOR('',#173,1.);
#173 = DIRECTION('',(-1.,0.,-0.));
#174 = ORIENTED_EDGE('',*,*,#175,.T.);
#175 = EDGE_CURVE('',#168,#176,#178,.T.);
#176 = VERTEX_POINT('',#177);
#177 = CARTESIAN_POINT('',(21.4,32.9,4.440892098501E-15));
#178 = LINE('',#179,#180);
#179 = CARTESIAN_POINT('',(21.4,47.05,2.6645352591E-15));
#180 = VECTOR('',#181,1.);
#181 = DIRECTION('',(0.,-1.,1.224646799147E-16));
#182 = ORIENTED_EDGE('',*,*,#183,.F.);
#183 = EDGE_CURVE('',#184,#176,#186,.T.);
#184 = VERTEX_POINT('',#185);
#185 = CARTESIAN_POINT('',(30.4,32.9,4.440892098501E-15));
#186 = LINE('',#187,#188);
#187 = CARTESIAN_POINT('',(10.7,32.9,4.440892098501E-15));
#188 = VECTOR('',#189,1.);
#189 = DIRECTION('',(-1.,0.,-0.));
#190 = ORIENTED_EDGE('',*,*,#191,.T.);
#191 = EDGE_CURVE('',#184,#134,#192,.T.);
#192 = LINE('',#193,#194);
#193 = CARTESIAN_POINT('',(30.4,47.05,2.6645352591E-15));
#194 = VECTOR('',#195,1.);
#195 = DIRECTION('',(0.,-1.,1.224646799147E-16));
#196 = FACE_BOUND('',#197,.T.);
#197 = EDGE_LOOP('',(#198,#208,#216,#224));
#198 = ORIENTED_EDGE('',*,*,#199,.T.);
#199 = EDGE_CURVE('',#200,#202,#204,.T.);
#200 = VERTEX_POINT('',#201);
#201 = CARTESIAN_POINT('',(7.1,6.4,7.993605777301E-15));
#202 = VERTEX_POINT('',#203);
#203 = CARTESIAN_POINT('',(5.7,6.4,7.993605777301E-15));
#204 = LINE('',#205,#206);
#205 = CARTESIAN_POINT('',(2.85,6.4,7.993605777301E-15));
#206 = VECTOR('',#207,1.);
#207 = DIRECTION('',(-1.,0.,-0.));
#208 = ORIENTED_EDGE('',*,*,#209,.T.);
#209 = EDGE_CURVE('',#202,#210,#212,.T.);
#210 = VERTEX_POINT('',#211);
#211 = CARTESIAN_POINT('',(5.7,5.4,7.993605777301E-15));
#212 = LINE('',#213,#214);
#213 = CARTESIAN_POINT('',(5.7,33.5,4.440892098501E-15));
#214 = VECTOR('',#215,1.);
#215 = DIRECTION('',(0.,-1.,1.224646799147E-16));
#216 = ORIENTED_EDGE('',*,*,#217,.F.);
#217 = EDGE_CURVE('',#218,#210,#220,.T.);
#218 = VERTEX_POINT('',#219);
#219 = CARTESIAN_POINT('',(7.1,5.4,7.993605777301E-15));
#220 = LINE('',#221,#222);
#221 = CARTESIAN_POINT('',(2.85,5.4,7.993605777301E-15));
#222 = VECTOR('',#223,1.);
#223 = DIRECTION('',(-1.,0.,-0.));
#224 = ORIENTED_EDGE('',*,*,#225,.F.);
#225 = EDGE_CURVE('',#200,#218,#226,.T.);
#226 = LINE('',#227,#228);
#227 = CARTESIAN_POINT('',(7.1,33.5,4.440892098501E-15));
#228 = VECTOR('',#229,1.);
#229 = DIRECTION('',(0.,-1.,1.224646799147E-16));
#230 = FACE_BOUND('',#231,.T.);
#231 = EDGE_LOOP('',(#232,#242,#250,#258));
#232 = ORIENTED_EDGE('',*,*,#233,.T.);
#233 = EDGE_CURVE('',#234,#236,#238,.T.);
#234 = VERTEX_POINT('',#235);
#235 = CARTESIAN_POINT('',(11.6,6.4,7.993605777301E-15));
#236 = VERTEX_POINT('',#237);
#237 = CARTESIAN_POINT('',(10.2,6.4,7.993605777301E-15));
#238 = LINE('',#239,#240);
#239 = CARTESIAN_POINT('',(5.1,6.4,7.993605777301E-15));
#240 = VECTOR('',#241,1.);
#241 = DIRECTION('',(-1.,0.,-0.));
#242 = ORIENTED_EDGE('',*,*,#243,.T.);
#243 = EDGE_CURVE('',#236,#244,#246,.T.);
#244 = VERTEX_POINT('',#245);
#245 = CARTESIAN_POINT('',(10.2,5.4,7.993605777301E-15));
#246 = LINE('',#247,#248);
#247 = CARTESIAN_POINT('',(10.2,33.5,4.440892098501E-15));
#248 = VECTOR('',#249,1.);
#249 = DIRECTION('',(0.,-1.,1.224646799147E-16));
#250 = ORIENTED_EDGE('',*,*,#251,.F.);
#251 = EDGE_CURVE('',#252,#244,#254,.T.);
#252 = VERTEX_POINT('',#253);
#253 = CARTESIAN_POINT('',(11.6,5.4,7.993605777301E-15));
#254 = LINE('',#255,#256);
#255 = CARTESIAN_POINT('',(5.1,5.4,7.993605777301E-15));
#256 = VECTOR('',#257,1.);
#257 = DIRECTION('',(-1.,0.,-0.));
#258 = ORIENTED_EDGE('',*,*,#259,.F.);
#259 = EDGE_CURVE('',#234,#252,#260,.T.);
#260 = LINE('',#261,#262);
#261 = CARTESIAN_POINT('',(11.6,33.5,4.440892098501E-15));
#262 = VECTOR('',#263,1.);
#263 = DIRECTION('',(0.,-1.,1.224646799147E-16));
#264 = FACE_BOUND('',#265,.T.);
#265 = EDGE_LOOP('',(#266));
#266 = ORIENTED_EDGE('',*,*,#267,.F.);
#267 = EDGE_CURVE('',#268,#268,#270,.T.);
#268 = VERTEX_POINT('',#269);
#269 = CARTESIAN_POINT('',(18.6,6.9,7.993605777301E-15));
#270 = CIRCLE('',#271,1.7);
#271 = AXIS2_PLACEMENT_3D('',#272,#273,#274);
#272 = CARTESIAN_POINT('',(16.9,6.9,7.993605777301E-15));
#273 = DIRECTION('',(0.,-1.224646799147E-16,-1.));
#274 = DIRECTION('',(1.,0.,0.));
#275 = FACE_BOUND('',#276,.T.);
#276 = EDGE_LOOP('',(#277,#287,#295,#303));
#277 = ORIENTED_EDGE('',*,*,#278,.T.);
#278 = EDGE_CURVE('',#279,#281,#283,.T.);
#279 = VERTEX_POINT('',#280);
#280 = CARTESIAN_POINT('',(23.6,6.4,7.993605777301E-15));
#281 = VERTEX_POINT('',#282);
#282 = CARTESIAN_POINT('',(22.2,6.4,7.993605777301E-15));
#283 = LINE('',#284,#285);
#284 = CARTESIAN_POINT('',(11.1,6.4,7.993605777301E-15));
#285 = VECTOR('',#286,1.);
#286 = DIRECTION('',(-1.,0.,-0.));
#287 = ORIENTED_EDGE('',*,*,#288,.T.);
#288 = EDGE_CURVE('',#281,#289,#291,.T.);
#289 = VERTEX_POINT('',#290);
#290 = CARTESIAN_POINT('',(22.2,5.4,7.993605777301E-15));
#291 = LINE('',#292,#293);
#292 = CARTESIAN_POINT('',(22.2,33.5,4.440892098501E-15));
#293 = VECTOR('',#294,1.);
#294 = DIRECTION('',(0.,-1.,1.224646799147E-16));
#295 = ORIENTED_EDGE('',*,*,#296,.F.);
#296 = EDGE_CURVE('',#297,#289,#299,.T.);
#297 = VERTEX_POINT('',#298);
#298 = CARTESIAN_POINT('',(23.6,5.4,7.993605777301E-15));
#299 = LINE('',#300,#301);
#300 = CARTESIAN_POINT('',(11.1,5.4,7.993605777301E-15));
#301 = VECTOR('',#302,1.);
#302 = DIRECTION('',(-1.,0.,-0.));
#303 = ORIENTED_EDGE('',*,*,#304,.F.);
#304 = EDGE_CURVE('',#279,#297,#305,.T.);
#305 = LINE('',#306,#307);
#306 = CARTESIAN_POINT('',(23.6,33.5,4.440892098501E-15));
#307 = VECTOR('',#308,1.);
#308 = DIRECTION('',(0.,-1.,1.224646799147E-16));
#309 = FACE_BOUND('',#310,.T.);
#310 = EDGE_LOOP('',(#311,#321,#329,#337));
#311 = ORIENTED_EDGE('',*,*,#312,.T.);
#312 = EDGE_CURVE('',#313,#315,#317,.T.);
#313 = VERTEX_POINT('',#314);
#314 = CARTESIAN_POINT('',(28.1,6.4,7.993605777301E-15));
#315 = VERTEX_POINT('',#316);
#316 = CARTESIAN_POINT('',(26.7,6.4,7.993605777301E-15));
#317 = LINE('',#318,#319);
#318 = CARTESIAN_POINT('',(13.35,6.4,7.993605777301E-15));
#319 = VECTOR('',#320,1.);
#320 = DIRECTION('',(-1.,0.,-0.));
#321 = ORIENTED_EDGE('',*,*,#322,.T.);
#322 = EDGE_CURVE('',#315,#323,#325,.T.);
#323 = VERTEX_POINT('',#324);
#324 = CARTESIAN_POINT('',(26.7,5.4,7.993605777301E-15));
#325 = LINE('',#326,#327);
#326 = CARTESIAN_POINT('',(26.7,33.5,4.440892098501E-15));
#327 = VECTOR('',#328,1.);
#328 = DIRECTION('',(0.,-1.,1.224646799147E-16));
#329 = ORIENTED_EDGE('',*,*,#330,.F.);
#330 = EDGE_CURVE('',#331,#323,#333,.T.);
#331 = VERTEX_POINT('',#332);
#332 = CARTESIAN_POINT('',(28.1,5.4,7.993605777301E-15));
#333 = LINE('',#334,#335);
#334 = CARTESIAN_POINT('',(13.35,5.4,7.993605777301E-15));
#335 = VECTOR('',#336,1.);
#336 = DIRECTION('',(-1.,0.,-0.));
#337 = ORIENTED_EDGE('',*,*,#338,.F.);
#338 = EDGE_CURVE('',#313,#331,#339,.T.);
#339 = LINE('',#340,#341);
#340 = CARTESIAN_POINT('',(28.1,33.5,4.440892098501E-15));
#341 = VECTOR('',#342,1.);
#342 = DIRECTION('',(0.,-1.,1.224646799147E-16));
#343 = PLANE('',#344);
#344 = AXIS2_PLACEMENT_3D('',#345,#346,#347);
#345 = CARTESIAN_POINT('',(1.110223024625E-15,60.6,8.881784197001E-16));
#346 = DIRECTION('',(0.,-1.224646799147E-16,-1.));
#347 = DIRECTION('',(1.,0.,0.));
#348 = ADVANCED_FACE('',(#349),#368,.T.);
#349 = FACE_BOUND('',#350,.T.);
#350 = EDGE_LOOP('',(#351,#360,#366,#367));
#351 = ORIENTED_EDGE('',*,*,#352,.T.);
#352 = EDGE_CURVE('',#32,#353,#355,.T.);
#353 = VERTEX_POINT('',#354);
#354 = CARTESIAN_POINT('',(4.9,60.6,5.7));
#355 = CIRCLE('',#356,4.9);
#356 = AXIS2_PLACEMENT_3D('',#357,#358,#359);
#357 = CARTESIAN_POINT('',(4.9,55.7,5.7));
#358 = DIRECTION('',(0.,-1.224646799147E-16,-1.));
#359 = DIRECTION('',(0.,1.,-1.224646799147E-16));
#360 = ORIENTED_EDGE('',*,*,#361,.T.);
#361 = EDGE_CURVE('',#353,#63,#362,.T.);
#362 = LINE('',#363,#364);
#363 = CARTESIAN_POINT('',(4.9,60.6,5.7));
#364 = VECTOR('',#365,1.);
#365 = DIRECTION('',(0.,-1.224646799147E-16,-1.));
#366 = ORIENTED_EDGE('',*,*,#62,.F.);
#367 = ORIENTED_EDGE('',*,*,#31,.F.);
#368 = CYLINDRICAL_SURFACE('',#369,4.9);
#369 = AXIS2_PLACEMENT_3D('',#370,#371,#372);
#370 = CARTESIAN_POINT('',(4.9,55.7,5.7));
#371 = DIRECTION('',(0.,-1.224646799147E-16,-1.));
#372 = DIRECTION('',(-1.,0.,-0.));
#373 = ADVANCED_FACE('',(#374),#393,.T.);
#374 = FACE_BOUND('',#375,.F.);
#375 = EDGE_LOOP('',(#376,#385,#391,#392));
#376 = ORIENTED_EDGE('',*,*,#377,.T.);
#377 = EDGE_CURVE('',#40,#378,#380,.T.);
#378 = VERTEX_POINT('',#379);
#379 = CARTESIAN_POINT('',(4.9,0.,5.7));
#380 = CIRCLE('',#381,4.9);
#381 = AXIS2_PLACEMENT_3D('',#382,#383,#384);
#382 = CARTESIAN_POINT('',(4.9,4.9,5.7));
#383 = DIRECTION('',(0.,1.224646799147E-16,1.));
#384 = DIRECTION('',(0.,1.,-1.224646799147E-16));
#385 = ORIENTED_EDGE('',*,*,#386,.T.);
#386 = EDGE_CURVE('',#378,#106,#387,.T.);
#387 = LINE('',#388,#389);
#388 = CARTESIAN_POINT('',(4.9,0.,5.7));
#389 = VECTOR('',#390,1.);
#390 = DIRECTION('',(0.,-1.224646799147E-16,-1.));
#391 = ORIENTED_EDGE('',*,*,#113,.F.);
#392 = ORIENTED_EDGE('',*,*,#47,.F.);
#393 = CYLINDRICAL_SURFACE('',#394,4.9);
#394 = AXIS2_PLACEMENT_3D('',#395,#396,#397);
#395 = CARTESIAN_POINT('',(4.9,4.9,5.7));
#396 = DIRECTION('',(0.,-1.224646799147E-16,-1.));
#397 = DIRECTION('',(-1.,0.,-0.));
#398 = ADVANCED_FACE('',(#399),#417,.F.);
#399 = FACE_BOUND('',#400,.F.);
#400 = EDGE_LOOP('',(#401,#409,#410,#411));
#401 = ORIENTED_EDGE('',*,*,#402,.F.);
#402 = EDGE_CURVE('',#353,#403,#405,.T.);
#403 = VERTEX_POINT('',#404);
#404 = CARTESIAN_POINT('',(28.9,60.6,5.7));
#405 = LINE('',#406,#407);
#406 = CARTESIAN_POINT('',(1.110223024625E-15,60.6,5.7));
#407 = VECTOR('',#408,1.);
#408 = DIRECTION('',(1.,0.,0.));
#409 = ORIENTED_EDGE('',*,*,#361,.T.);
#410 = ORIENTED_EDGE('',*,*,#71,.T.);
#411 = ORIENTED_EDGE('',*,*,#412,.F.);
#412 = EDGE_CURVE('',#403,#72,#413,.T.);
#413 = LINE('',#414,#415);
#414 = CARTESIAN_POINT('',(28.9,60.6,5.7));
#415 = VECTOR('',#416,1.);
#416 = DIRECTION('',(0.,-1.224646799147E-16,-1.));
#417 = PLANE('',#418);
#418 = AXIS2_PLACEMENT_3D('',#419,#420,#421);
#419 = CARTESIAN_POINT('',(1.110223024625E-15,60.6,5.7));
#420 = DIRECTION('',(0.,-1.,1.224646799147E-16));
#421 = DIRECTION('',(0.,-1.224646799147E-16,-1.));
#422 = ADVANCED_FACE('',(#423),#441,.T.);
#423 = FACE_BOUND('',#424,.T.);
#424 = EDGE_LOOP('',(#425,#433,#434,#435));
#425 = ORIENTED_EDGE('',*,*,#426,.F.);
#426 = EDGE_CURVE('',#378,#427,#429,.T.);
#427 = VERTEX_POINT('',#428);
#428 = CARTESIAN_POINT('',(28.9,0.,5.7));
#429 = LINE('',#430,#431);
#430 = CARTESIAN_POINT('',(1.110223024625E-15,0.,5.7));
#431 = VECTOR('',#432,1.);
#432 = DIRECTION('',(1.,0.,0.));
#433 = ORIENTED_EDGE('',*,*,#386,.T.);
#434 = ORIENTED_EDGE('',*,*,#105,.T.);
#435 = ORIENTED_EDGE('',*,*,#436,.F.);
#436 = EDGE_CURVE('',#427,#97,#437,.T.);
#437 = LINE('',#438,#439);
#438 = CARTESIAN_POINT('',(28.9,0.,5.7));
#439 = VECTOR('',#440,1.);
#440 = DIRECTION('',(0.,-1.224646799147E-16,-1.));
#441 = PLANE('',#442);
#442 = AXIS2_PLACEMENT_3D('',#443,#444,#445);
#443 = CARTESIAN_POINT('',(1.110223024625E-15,0.,5.7));
#444 = DIRECTION('',(0.,-1.,1.224646799147E-16));
#445 = DIRECTION('',(0.,-1.224646799147E-16,-1.));
#446 = ADVANCED_FACE('',(#447),#466,.T.);
#447 = FACE_BOUND('',#448,.F.);
#448 = EDGE_LOOP('',(#449,#458,#459,#460));
#449 = ORIENTED_EDGE('',*,*,#450,.T.);
#450 = EDGE_CURVE('',#451,#403,#453,.T.);
#451 = VERTEX_POINT('',#452);
#452 = CARTESIAN_POINT('',(33.8,55.7,5.7));
#453 = CIRCLE('',#454,4.9);
#454 = AXIS2_PLACEMENT_3D('',#455,#456,#457);
#455 = CARTESIAN_POINT('',(28.9,55.7,5.7));
#456 = DIRECTION('',(0.,1.224646799147E-16,1.));
#457 = DIRECTION('',(0.,1.,-1.224646799147E-16));
#458 = ORIENTED_EDGE('',*,*,#412,.T.);
#459 = ORIENTED_EDGE('',*,*,#79,.F.);
#460 = ORIENTED_EDGE('',*,*,#461,.F.);
#461 = EDGE_CURVE('',#451,#80,#462,.T.);
#462 = LINE('',#463,#464);
#463 = CARTESIAN_POINT('',(33.8,55.7,5.7));
#464 = VECTOR('',#465,1.);
#465 = DIRECTION('',(0.,-1.224646799147E-16,-1.));
#466 = CYLINDRICAL_SURFACE('',#467,4.9);
#467 = AXIS2_PLACEMENT_3D('',#468,#469,#470);
#468 = CARTESIAN_POINT('',(28.9,55.7,5.7));
#469 = DIRECTION('',(0.,-1.224646799147E-16,-1.));
#470 = DIRECTION('',(1.,0.,0.));
#471 = ADVANCED_FACE('',(#472),#491,.T.);
#472 = FACE_BOUND('',#473,.T.);
#473 = EDGE_LOOP('',(#474,#483,#484,#485));
#474 = ORIENTED_EDGE('',*,*,#475,.T.);
#475 = EDGE_CURVE('',#476,#427,#478,.T.);
#476 = VERTEX_POINT('',#477);
#477 = CARTESIAN_POINT('',(33.8,4.9,5.7));
#478 = CIRCLE('',#479,4.9);
#479 = AXIS2_PLACEMENT_3D('',#480,#481,#482);
#480 = CARTESIAN_POINT('',(28.9,4.9,5.7));
#481 = DIRECTION('',(0.,-1.224646799147E-16,-1.));
#482 = DIRECTION('',(0.,1.,-1.224646799147E-16));
#483 = ORIENTED_EDGE('',*,*,#436,.T.);
#484 = ORIENTED_EDGE('',*,*,#96,.F.);
#485 = ORIENTED_EDGE('',*,*,#486,.F.);
#486 = EDGE_CURVE('',#476,#89,#487,.T.);
#487 = LINE('',#488,#489);
#488 = CARTESIAN_POINT('',(33.8,4.9,5.7));
#489 = VECTOR('',#490,1.);
#490 = DIRECTION('',(0.,-1.224646799147E-16,-1.));
#491 = CYLINDRICAL_SURFACE('',#492,4.9);
#492 = AXIS2_PLACEMENT_3D('',#493,#494,#495);
#493 = CARTESIAN_POINT('',(28.9,4.9,5.7));
#494 = DIRECTION('',(0.,-1.224646799147E-16,-1.));
#495 = DIRECTION('',(1.,0.,0.));
#496 = ADVANCED_FACE('',(#497),#508,.T.);
#497 = FACE_BOUND('',#498,.T.);
#498 = EDGE_LOOP('',(#499,#500,#501,#507));
#499 = ORIENTED_EDGE('',*,*,#88,.F.);
#500 = ORIENTED_EDGE('',*,*,#461,.F.);
#501 = ORIENTED_EDGE('',*,*,#502,.T.);
#502 = EDGE_CURVE('',#451,#476,#503,.T.);
#503 = LINE('',#504,#505);
#504 = CARTESIAN_POINT('',(33.8,60.6,5.7));
#505 = VECTOR('',#506,1.);
#506 = DIRECTION('',(0.,-1.,1.224646799147E-16));
#507 = ORIENTED_EDGE('',*,*,#486,.T.);
#508 = PLANE('',#509);
#509 = AXIS2_PLACEMENT_3D('',#510,#511,#512);
#510 = CARTESIAN_POINT('',(33.8,60.6,5.7));
#511 = DIRECTION('',(1.,0.,0.));
#512 = DIRECTION('',(0.,-1.224646799147E-16,-1.));
#513 = ADVANCED_FACE('',(#514),#533,.F.);
#514 = FACE_BOUND('',#515,.F.);
#515 = EDGE_LOOP('',(#516,#517,#525,#532));
#516 = ORIENTED_EDGE('',*,*,#122,.F.);
#517 = ORIENTED_EDGE('',*,*,#518,.F.);
#518 = EDGE_CURVE('',#519,#123,#521,.T.);
#519 = VERTEX_POINT('',#520);
#520 = CARTESIAN_POINT('',(27.9,28.4,0.3));
#521 = LINE('',#522,#523);
#522 = CARTESIAN_POINT('',(27.9,28.4,0.3));
#523 = VECTOR('',#524,1.);
#524 = DIRECTION('',(0.,-1.224646799147E-16,-1.));
#525 = ORIENTED_EDGE('',*,*,#526,.T.);
#526 = EDGE_CURVE('',#519,#519,#527,.T.);
#527 = CIRCLE('',#528,2.);
#528 = AXIS2_PLACEMENT_3D('',#529,#530,#531);
#529 = CARTESIAN_POINT('',(25.9,28.4,0.3));
#530 = DIRECTION('',(0.,-1.224646799147E-16,-1.));
#531 = DIRECTION('',(1.,0.,0.));
#532 = ORIENTED_EDGE('',*,*,#518,.T.);
#533 = CYLINDRICAL_SURFACE('',#534,2.);
#534 = AXIS2_PLACEMENT_3D('',#535,#536,#537);
#535 = CARTESIAN_POINT('',(25.9,28.4,0.3));
#536 = DIRECTION('',(0.,-1.224646799147E-16,-1.));
#537 = DIRECTION('',(1.,0.,0.));
#538 = ADVANCED_FACE('',(#539),#564,.T.);
#539 = FACE_BOUND('',#540,.T.);
#540 = EDGE_LOOP('',(#541,#549,#557,#563));
#541 = ORIENTED_EDGE('',*,*,#542,.T.);
#542 = EDGE_CURVE('',#134,#543,#545,.T.);
#543 = VERTEX_POINT('',#544);
#544 = CARTESIAN_POINT('',(30.4,23.9,0.8));
#545 = LINE('',#546,#547);
#546 = CARTESIAN_POINT('',(30.4,23.9,2.2));
#547 = VECTOR('',#548,1.);
#548 = DIRECTION('',(0.,1.224646799147E-16,1.));
#549 = ORIENTED_EDGE('',*,*,#550,.F.);
#550 = EDGE_CURVE('',#551,#543,#553,.T.);
#551 = VERTEX_POINT('',#552);
#552 = CARTESIAN_POINT('',(21.4,23.9,0.8));
#553 = LINE('',#554,#555);
#554 = CARTESIAN_POINT('',(21.4,23.9,0.8));
#555 = VECTOR('',#556,1.);
#556 = DIRECTION('',(1.,0.,0.));
#557 = ORIENTED_EDGE('',*,*,#558,.T.);
#558 = EDGE_CURVE('',#551,#136,#559,.T.);
#559 = LINE('',#560,#561);
#560 = CARTESIAN_POINT('',(21.4,23.9,2.2));
#561 = VECTOR('',#562,1.);
#562 = DIRECTION('',(0.,-1.224646799147E-16,-1.));
#563 = ORIENTED_EDGE('',*,*,#133,.F.);
#564 = PLANE('',#565);
#565 = AXIS2_PLACEMENT_3D('',#566,#567,#568);
#566 = CARTESIAN_POINT('',(21.4,23.9,2.2));
#567 = DIRECTION('',(0.,-1.,1.224646799147E-16));
#568 = DIRECTION('',(0.,-1.224646799147E-16,-1.));
#569 = ADVANCED_FACE('',(#570),#588,.T.);
#570 = FACE_BOUND('',#571,.T.);
#571 = EDGE_LOOP('',(#572,#573,#581,#587));
#572 = ORIENTED_EDGE('',*,*,#191,.F.);
#573 = ORIENTED_EDGE('',*,*,#574,.T.);
#574 = EDGE_CURVE('',#184,#575,#577,.T.);
#575 = VERTEX_POINT('',#576);
#576 = CARTESIAN_POINT('',(30.4,32.9,0.8));
#577 = LINE('',#578,#579);
#578 = CARTESIAN_POINT('',(30.4,32.9,2.2));
#579 = VECTOR('',#580,1.);
#580 = DIRECTION('',(0.,1.224646799147E-16,1.));
#581 = ORIENTED_EDGE('',*,*,#582,.T.);
#582 = EDGE_CURVE('',#575,#543,#583,.T.);
#583 = LINE('',#584,#585);
#584 = CARTESIAN_POINT('',(30.4,32.9,0.8));
#585 = VECTOR('',#586,1.);
#586 = DIRECTION('',(0.,-1.,1.224646799147E-16));
#587 = ORIENTED_EDGE('',*,*,#542,.F.);
#588 = PLANE('',#589);
#589 = AXIS2_PLACEMENT_3D('',#590,#591,#592);
#590 = CARTESIAN_POINT('',(30.4,33.5,2.2));
#591 = DIRECTION('',(1.,0.,0.));
#592 = DIRECTION('',(0.,-1.224646799147E-16,-1.));
#593 = ADVANCED_FACE('',(#594),#612,.F.);
#594 = FACE_BOUND('',#595,.F.);
#595 = EDGE_LOOP('',(#596,#597,#605,#611));
#596 = ORIENTED_EDGE('',*,*,#574,.T.);
#597 = ORIENTED_EDGE('',*,*,#598,.F.);
#598 = EDGE_CURVE('',#599,#575,#601,.T.);
#599 = VERTEX_POINT('',#600);
#600 = CARTESIAN_POINT('',(21.4,32.9,0.8));
#601 = LINE('',#602,#603);
#602 = CARTESIAN_POINT('',(21.4,32.9,0.8));
#603 = VECTOR('',#604,1.);
#604 = DIRECTION('',(1.,0.,0.));
#605 = ORIENTED_EDGE('',*,*,#606,.T.);
#606 = EDGE_CURVE('',#599,#176,#607,.T.);
#607 = LINE('',#608,#609);
#608 = CARTESIAN_POINT('',(21.4,32.9,2.2));
#609 = VECTOR('',#610,1.);
#610 = DIRECTION('',(0.,-1.224646799147E-16,-1.));
#611 = ORIENTED_EDGE('',*,*,#183,.F.);
#612 = PLANE('',#613);
#613 = AXIS2_PLACEMENT_3D('',#614,#615,#616);
#614 = CARTESIAN_POINT('',(21.4,32.9,2.2));
#615 = DIRECTION('',(0.,-1.,1.224646799147E-16));
#616 = DIRECTION('',(0.,-1.224646799147E-16,-1.));
#617 = ADVANCED_FACE('',(#618),#643,.T.);
#618 = FACE_BOUND('',#619,.T.);
#619 = EDGE_LOOP('',(#620,#628,#636,#642));
#620 = ORIENTED_EDGE('',*,*,#621,.F.);
#621 = EDGE_CURVE('',#622,#200,#624,.T.);
#622 = VERTEX_POINT('',#623);
#623 = CARTESIAN_POINT('',(7.1,6.4,4.7));
#624 = LINE('',#625,#626);
#625 = CARTESIAN_POINT('',(7.1,6.4,5.7));
#626 = VECTOR('',#627,1.);
#627 = DIRECTION('',(0.,-1.224646799147E-16,-1.));
#628 = ORIENTED_EDGE('',*,*,#629,.T.);
#629 = EDGE_CURVE('',#622,#630,#632,.T.);
#630 = VERTEX_POINT('',#631);
#631 = CARTESIAN_POINT('',(5.7,6.4,4.7));
#632 = LINE('',#633,#634);
#633 = CARTESIAN_POINT('',(5.4,6.4,4.7));
#634 = VECTOR('',#635,1.);
#635 = DIRECTION('',(-1.,0.,-0.));
#636 = ORIENTED_EDGE('',*,*,#637,.T.);
#637 = EDGE_CURVE('',#630,#202,#638,.T.);
#638 = LINE('',#639,#640);
#639 = CARTESIAN_POINT('',(5.7,6.4,5.7));
#640 = VECTOR('',#641,1.);
#641 = DIRECTION('',(0.,-1.224646799147E-16,-1.));
#642 = ORIENTED_EDGE('',*,*,#199,.F.);
#643 = PLANE('',#644);
#644 = AXIS2_PLACEMENT_3D('',#645,#646,#647);
#645 = CARTESIAN_POINT('',(5.7,6.4,5.7));
#646 = DIRECTION('',(0.,-1.,1.224646799147E-16));
#647 = DIRECTION('',(0.,-1.224646799147E-16,-1.));
#648 = ADVANCED_FACE('',(#649),#667,.F.);
#649 = FACE_BOUND('',#650,.F.);
#650 = EDGE_LOOP('',(#651,#652,#660,#666));
#651 = ORIENTED_EDGE('',*,*,#621,.F.);
#652 = ORIENTED_EDGE('',*,*,#653,.T.);
#653 = EDGE_CURVE('',#622,#654,#656,.T.);
#654 = VERTEX_POINT('',#655);
#655 = CARTESIAN_POINT('',(7.1,5.4,4.7));
#656 = LINE('',#657,#658);
#657 = CARTESIAN_POINT('',(7.1,6.7,4.7));
#658 = VECTOR('',#659,1.);
#659 = DIRECTION('',(0.,-1.,1.224646799147E-16));
#660 = ORIENTED_EDGE('',*,*,#661,.T.);
#661 = EDGE_CURVE('',#654,#218,#662,.T.);
#662 = LINE('',#663,#664);
#663 = CARTESIAN_POINT('',(7.1,5.4,5.7));
#664 = VECTOR('',#665,1.);
#665 = DIRECTION('',(0.,-1.224646799147E-16,-1.));
#666 = ORIENTED_EDGE('',*,*,#225,.F.);
#667 = PLANE('',#668);
#668 = AXIS2_PLACEMENT_3D('',#669,#670,#671);
#669 = CARTESIAN_POINT('',(7.1,6.4,5.7));
#670 = DIRECTION('',(1.,0.,0.));
#671 = DIRECTION('',(0.,-1.224646799147E-16,-1.));
#672 = ADVANCED_FACE('',(#673),#691,.T.);
#673 = FACE_BOUND('',#674,.T.);
#674 = EDGE_LOOP('',(#675,#676,#684,#690));
#675 = ORIENTED_EDGE('',*,*,#637,.F.);
#676 = ORIENTED_EDGE('',*,*,#677,.T.);
#677 = EDGE_CURVE('',#630,#678,#680,.T.);
#678 = VERTEX_POINT('',#679);
#679 = CARTESIAN_POINT('',(5.7,5.4,4.7));
#680 = LINE('',#681,#682);
#681 = CARTESIAN_POINT('',(5.7,6.7,4.7));
#682 = VECTOR('',#683,1.);
#683 = DIRECTION('',(0.,-1.,1.224646799147E-16));
#684 = ORIENTED_EDGE('',*,*,#685,.T.);
#685 = EDGE_CURVE('',#678,#210,#686,.T.);
#686 = LINE('',#687,#688);
#687 = CARTESIAN_POINT('',(5.7,5.4,5.7));
#688 = VECTOR('',#689,1.);
#689 = DIRECTION('',(0.,-1.224646799147E-16,-1.));
#690 = ORIENTED_EDGE('',*,*,#209,.F.);
#691 = PLANE('',#692);
#692 = AXIS2_PLACEMENT_3D('',#693,#694,#695);
#693 = CARTESIAN_POINT('',(5.7,6.4,5.7));
#694 = DIRECTION('',(1.,0.,0.));
#695 = DIRECTION('',(0.,-1.224646799147E-16,-1.));
#696 = ADVANCED_FACE('',(#697),#708,.F.);
#697 = FACE_BOUND('',#698,.F.);
#698 = EDGE_LOOP('',(#699,#700,#706,#707));
#699 = ORIENTED_EDGE('',*,*,#661,.F.);
#700 = ORIENTED_EDGE('',*,*,#701,.T.);
#701 = EDGE_CURVE('',#654,#678,#702,.T.);
#702 = LINE('',#703,#704);
#703 = CARTESIAN_POINT('',(5.4,5.4,4.7));
#704 = VECTOR('',#705,1.);
#705 = DIRECTION('',(-1.,0.,-0.));
#706 = ORIENTED_EDGE('',*,*,#685,.T.);
#707 = ORIENTED_EDGE('',*,*,#217,.F.);
#708 = PLANE('',#709);
#709 = AXIS2_PLACEMENT_3D('',#710,#711,#712);
#710 = CARTESIAN_POINT('',(5.7,5.4,5.7));
#711 = DIRECTION('',(0.,-1.,1.224646799147E-16));
#712 = DIRECTION('',(0.,-1.224646799147E-16,-1.));
#713 = ADVANCED_FACE('',(#714),#739,.T.);
#714 = FACE_BOUND('',#715,.T.);
#715 = EDGE_LOOP('',(#716,#724,#732,#738));
#716 = ORIENTED_EDGE('',*,*,#717,.F.);
#717 = EDGE_CURVE('',#718,#234,#720,.T.);
#718 = VERTEX_POINT('',#719);
#719 = CARTESIAN_POINT('',(11.6,6.4,4.7));
#720 = LINE('',#721,#722);
#721 = CARTESIAN_POINT('',(11.6,6.4,5.7));
#722 = VECTOR('',#723,1.);
#723 = DIRECTION('',(0.,-1.224646799147E-16,-1.));
#724 = ORIENTED_EDGE('',*,*,#725,.T.);
#725 = EDGE_CURVE('',#718,#726,#728,.T.);
#726 = VERTEX_POINT('',#727);
#727 = CARTESIAN_POINT('',(10.2,6.4,4.7));
#728 = LINE('',#729,#730);
#729 = CARTESIAN_POINT('',(9.9,6.4,4.7));
#730 = VECTOR('',#731,1.);
#731 = DIRECTION('',(-1.,0.,-0.));
#732 = ORIENTED_EDGE('',*,*,#733,.T.);
#733 = EDGE_CURVE('',#726,#236,#734,.T.);
#734 = LINE('',#735,#736);
#735 = CARTESIAN_POINT('',(10.2,6.4,5.7));
#736 = VECTOR('',#737,1.);
#737 = DIRECTION('',(0.,-1.224646799147E-16,-1.));
#738 = ORIENTED_EDGE('',*,*,#233,.F.);
#739 = PLANE('',#740);
#740 = AXIS2_PLACEMENT_3D('',#741,#742,#743);
#741 = CARTESIAN_POINT('',(10.2,6.4,5.7));
#742 = DIRECTION('',(0.,-1.,1.224646799147E-16));
#743 = DIRECTION('',(0.,-1.224646799147E-16,-1.));
#744 = ADVANCED_FACE('',(#745),#763,.F.);
#745 = FACE_BOUND('',#746,.F.);
#746 = EDGE_LOOP('',(#747,#748,#756,#762));
#747 = ORIENTED_EDGE('',*,*,#717,.F.);
#748 = ORIENTED_EDGE('',*,*,#749,.T.);
#749 = EDGE_CURVE('',#718,#750,#752,.T.);
#750 = VERTEX_POINT('',#751);
#751 = CARTESIAN_POINT('',(11.6,5.4,4.7));
#752 = LINE('',#753,#754);
#753 = CARTESIAN_POINT('',(11.6,6.7,4.7));
#754 = VECTOR('',#755,1.);
#755 = DIRECTION('',(0.,-1.,1.224646799147E-16));
#756 = ORIENTED_EDGE('',*,*,#757,.T.);
#757 = EDGE_CURVE('',#750,#252,#758,.T.);
#758 = LINE('',#759,#760);
#759 = CARTESIAN_POINT('',(11.6,5.4,5.7));
#760 = VECTOR('',#761,1.);
#761 = DIRECTION('',(0.,-1.224646799147E-16,-1.));
#762 = ORIENTED_EDGE('',*,*,#259,.F.);
#763 = PLANE('',#764);
#764 = AXIS2_PLACEMENT_3D('',#765,#766,#767);
#765 = CARTESIAN_POINT('',(11.6,6.4,5.7));
#766 = DIRECTION('',(1.,0.,0.));
#767 = DIRECTION('',(0.,-1.224646799147E-16,-1.));
#768 = ADVANCED_FACE('',(#769),#787,.T.);
#769 = FACE_BOUND('',#770,.T.);
#770 = EDGE_LOOP('',(#771,#772,#780,#786));
#771 = ORIENTED_EDGE('',*,*,#733,.F.);
#772 = ORIENTED_EDGE('',*,*,#773,.T.);
#773 = EDGE_CURVE('',#726,#774,#776,.T.);
#774 = VERTEX_POINT('',#775);
#775 = CARTESIAN_POINT('',(10.2,5.4,4.7));
#776 = LINE('',#777,#778);
#777 = CARTESIAN_POINT('',(10.2,6.7,4.7));
#778 = VECTOR('',#779,1.);
#779 = DIRECTION('',(0.,-1.,1.224646799147E-16));
#780 = ORIENTED_EDGE('',*,*,#781,.T.);
#781 = EDGE_CURVE('',#774,#244,#782,.T.);
#782 = LINE('',#783,#784);
#783 = CARTESIAN_POINT('',(10.2,5.4,5.7));
#784 = VECTOR('',#785,1.);
#785 = DIRECTION('',(0.,-1.224646799147E-16,-1.));
#786 = ORIENTED_EDGE('',*,*,#243,.F.);
#787 = PLANE('',#788);
#788 = AXIS2_PLACEMENT_3D('',#789,#790,#791);
#789 = CARTESIAN_POINT('',(10.2,6.4,5.7));
#790 = DIRECTION('',(1.,0.,0.));
#791 = DIRECTION('',(0.,-1.224646799147E-16,-1.));
#792 = ADVANCED_FACE('',(#793),#804,.F.);
#793 = FACE_BOUND('',#794,.F.);
#794 = EDGE_LOOP('',(#795,#796,#802,#803));
#795 = ORIENTED_EDGE('',*,*,#757,.F.);
#796 = ORIENTED_EDGE('',*,*,#797,.T.);
#797 = EDGE_CURVE('',#750,#774,#798,.T.);
#798 = LINE('',#799,#800);
#799 = CARTESIAN_POINT('',(9.9,5.4,4.7));
#800 = VECTOR('',#801,1.);
#801 = DIRECTION('',(-1.,0.,-0.));
#802 = ORIENTED_EDGE('',*,*,#781,.T.);
#803 = ORIENTED_EDGE('',*,*,#251,.F.);
#804 = PLANE('',#805);
#805 = AXIS2_PLACEMENT_3D('',#806,#807,#808);
#806 = CARTESIAN_POINT('',(10.2,5.4,5.7));
#807 = DIRECTION('',(0.,-1.,1.224646799147E-16));
#808 = DIRECTION('',(0.,-1.224646799147E-16,-1.));
#809 = ADVANCED_FACE('',(#810),#829,.F.);
#810 = FACE_BOUND('',#811,.F.);
#811 = EDGE_LOOP('',(#812,#813,#821,#828));
#812 = ORIENTED_EDGE('',*,*,#267,.F.);
#813 = ORIENTED_EDGE('',*,*,#814,.F.);
#814 = EDGE_CURVE('',#815,#268,#817,.T.);
#815 = VERTEX_POINT('',#816);
#816 = CARTESIAN_POINT('',(18.6,6.9,5.7));
#817 = LINE('',#818,#819);
#818 = CARTESIAN_POINT('',(18.6,6.9,6.7));
#819 = VECTOR('',#820,1.);
#820 = DIRECTION('',(0.,-1.224646799147E-16,-1.));
#821 = ORIENTED_EDGE('',*,*,#822,.T.);
#822 = EDGE_CURVE('',#815,#815,#823,.T.);
#823 = CIRCLE('',#824,1.7);
#824 = AXIS2_PLACEMENT_3D('',#825,#826,#827);
#825 = CARTESIAN_POINT('',(16.9,6.9,5.7));
#826 = DIRECTION('',(0.,-1.224646799147E-16,-1.));
#827 = DIRECTION('',(1.,0.,0.));
#828 = ORIENTED_EDGE('',*,*,#814,.T.);
#829 = CYLINDRICAL_SURFACE('',#830,1.7);
#830 = AXIS2_PLACEMENT_3D('',#831,#832,#833);
#831 = CARTESIAN_POINT('',(16.9,6.9,6.7));
#832 = DIRECTION('',(0.,-1.224646799147E-16,-1.));
#833 = DIRECTION('',(1.,0.,0.));
#834 = ADVANCED_FACE('',(#835),#860,.T.);
#835 = FACE_BOUND('',#836,.T.);
#836 = EDGE_LOOP('',(#837,#845,#853,#859));
#837 = ORIENTED_EDGE('',*,*,#838,.F.);
#838 = EDGE_CURVE('',#839,#279,#841,.T.);
#839 = VERTEX_POINT('',#840);
#840 = CARTESIAN_POINT('',(23.6,6.4,4.7));
#841 = LINE('',#842,#843);
#842 = CARTESIAN_POINT('',(23.6,6.4,5.7));
#843 = VECTOR('',#844,1.);
#844 = DIRECTION('',(0.,-1.224646799147E-16,-1.));
#845 = ORIENTED_EDGE('',*,*,#846,.T.);
#846 = EDGE_CURVE('',#839,#847,#849,.T.);
#847 = VERTEX_POINT('',#848);
#848 = CARTESIAN_POINT('',(22.2,6.4,4.7));
#849 = LINE('',#850,#851);
#850 = CARTESIAN_POINT('',(21.9,6.4,4.7));
#851 = VECTOR('',#852,1.);
#852 = DIRECTION('',(-1.,0.,-0.));
#853 = ORIENTED_EDGE('',*,*,#854,.T.);
#854 = EDGE_CURVE('',#847,#281,#855,.T.);
#855 = LINE('',#856,#857);
#856 = CARTESIAN_POINT('',(22.2,6.4,5.7));
#857 = VECTOR('',#858,1.);
#858 = DIRECTION('',(0.,-1.224646799147E-16,-1.));
#859 = ORIENTED_EDGE('',*,*,#278,.F.);
#860 = PLANE('',#861);
#861 = AXIS2_PLACEMENT_3D('',#862,#863,#864);
#862 = CARTESIAN_POINT('',(22.2,6.4,5.7));
#863 = DIRECTION('',(0.,-1.,1.224646799147E-16));
#864 = DIRECTION('',(0.,-1.224646799147E-16,-1.));
#865 = ADVANCED_FACE('',(#866),#884,.F.);
#866 = FACE_BOUND('',#867,.F.);
#867 = EDGE_LOOP('',(#868,#869,#877,#883));
#868 = ORIENTED_EDGE('',*,*,#838,.F.);
#869 = ORIENTED_EDGE('',*,*,#870,.T.);
#870 = EDGE_CURVE('',#839,#871,#873,.T.);
#871 = VERTEX_POINT('',#872);
#872 = CARTESIAN_POINT('',(23.6,5.4,4.7));
#873 = LINE('',#874,#875);
#874 = CARTESIAN_POINT('',(23.6,6.7,4.7));
#875 = VECTOR('',#876,1.);
#876 = DIRECTION('',(0.,-1.,1.224646799147E-16));
#877 = ORIENTED_EDGE('',*,*,#878,.T.);
#878 = EDGE_CURVE('',#871,#297,#879,.T.);
#879 = LINE('',#880,#881);
#880 = CARTESIAN_POINT('',(23.6,5.4,5.7));
#881 = VECTOR('',#882,1.);
#882 = DIRECTION('',(0.,-1.224646799147E-16,-1.));
#883 = ORIENTED_EDGE('',*,*,#304,.F.);
#884 = PLANE('',#885);
#885 = AXIS2_PLACEMENT_3D('',#886,#887,#888);
#886 = CARTESIAN_POINT('',(23.6,6.4,5.7));
#887 = DIRECTION('',(1.,0.,0.));
#888 = DIRECTION('',(0.,-1.224646799147E-16,-1.));
#889 = ADVANCED_FACE('',(#890),#908,.T.);
#890 = FACE_BOUND('',#891,.T.);
#891 = EDGE_LOOP('',(#892,#893,#901,#907));
#892 = ORIENTED_EDGE('',*,*,#854,.F.);
#893 = ORIENTED_EDGE('',*,*,#894,.T.);
#894 = EDGE_CURVE('',#847,#895,#897,.T.);
#895 = VERTEX_POINT('',#896);
#896 = CARTESIAN_POINT('',(22.2,5.4,4.7));
#897 = LINE('',#898,#899);
#898 = CARTESIAN_POINT('',(22.2,6.7,4.7));
#899 = VECTOR('',#900,1.);
#900 = DIRECTION('',(0.,-1.,1.224646799147E-16));
#901 = ORIENTED_EDGE('',*,*,#902,.T.);
#902 = EDGE_CURVE('',#895,#289,#903,.T.);
#903 = LINE('',#904,#905);
#904 = CARTESIAN_POINT('',(22.2,5.4,5.7));
#905 = VECTOR('',#906,1.);
#906 = DIRECTION('',(0.,-1.224646799147E-16,-1.));
#907 = ORIENTED_EDGE('',*,*,#288,.F.);
#908 = PLANE('',#909);
#909 = AXIS2_PLACEMENT_3D('',#910,#911,#912);
#910 = CARTESIAN_POINT('',(22.2,6.4,5.7));
#911 = DIRECTION('',(1.,0.,0.));
#912 = DIRECTION('',(0.,-1.224646799147E-16,-1.));
#913 = ADVANCED_FACE('',(#914),#925,.F.);
#914 = FACE_BOUND('',#915,.F.);
#915 = EDGE_LOOP('',(#916,#917,#923,#924));
#916 = ORIENTED_EDGE('',*,*,#878,.F.);
#917 = ORIENTED_EDGE('',*,*,#918,.T.);
#918 = EDGE_CURVE('',#871,#895,#919,.T.);
#919 = LINE('',#920,#921);
#920 = CARTESIAN_POINT('',(21.9,5.4,4.7));
#921 = VECTOR('',#922,1.);
#922 = DIRECTION('',(-1.,0.,-0.));
#923 = ORIENTED_EDGE('',*,*,#902,.T.);
#924 = ORIENTED_EDGE('',*,*,#296,.F.);
#925 = PLANE('',#926);
#926 = AXIS2_PLACEMENT_3D('',#927,#928,#929);
#927 = CARTESIAN_POINT('',(22.2,5.4,5.7));
#928 = DIRECTION('',(0.,-1.,1.224646799147E-16));
#929 = DIRECTION('',(0.,-1.224646799147E-16,-1.));
#930 = ADVANCED_FACE('',(#931),#956,.T.);
#931 = FACE_BOUND('',#932,.T.);
#932 = EDGE_LOOP('',(#933,#941,#949,#955));
#933 = ORIENTED_EDGE('',*,*,#934,.F.);
#934 = EDGE_CURVE('',#935,#313,#937,.T.);
#935 = VERTEX_POINT('',#936);
#936 = CARTESIAN_POINT('',(28.1,6.4,4.7));
#937 = LINE('',#938,#939);
#938 = CARTESIAN_POINT('',(28.1,6.4,5.7));
#939 = VECTOR('',#940,1.);
#940 = DIRECTION('',(0.,-1.224646799147E-16,-1.));
#941 = ORIENTED_EDGE('',*,*,#942,.T.);
#942 = EDGE_CURVE('',#935,#943,#945,.T.);
#943 = VERTEX_POINT('',#944);
#944 = CARTESIAN_POINT('',(26.7,6.4,4.7));
#945 = LINE('',#946,#947);
#946 = CARTESIAN_POINT('',(26.4,6.4,4.7));
#947 = VECTOR('',#948,1.);
#948 = DIRECTION('',(-1.,0.,-0.));
#949 = ORIENTED_EDGE('',*,*,#950,.T.);
#950 = EDGE_CURVE('',#943,#315,#951,.T.);
#951 = LINE('',#952,#953);
#952 = CARTESIAN_POINT('',(26.7,6.4,5.7));
#953 = VECTOR('',#954,1.);
#954 = DIRECTION('',(0.,-1.224646799147E-16,-1.));
#955 = ORIENTED_EDGE('',*,*,#312,.F.);
#956 = PLANE('',#957);
#957 = AXIS2_PLACEMENT_3D('',#958,#959,#960);
#958 = CARTESIAN_POINT('',(26.7,6.4,5.7));
#959 = DIRECTION('',(0.,-1.,1.224646799147E-16));
#960 = DIRECTION('',(0.,-1.224646799147E-16,-1.));
#961 = ADVANCED_FACE('',(#962),#980,.F.);
#962 = FACE_BOUND('',#963,.F.);
#963 = EDGE_LOOP('',(#964,#965,#973,#979));
#964 = ORIENTED_EDGE('',*,*,#934,.F.);
#965 = ORIENTED_EDGE('',*,*,#966,.T.);
#966 = EDGE_CURVE('',#935,#967,#969,.T.);
#967 = VERTEX_POINT('',#968);
#968 = CARTESIAN_POINT('',(28.1,5.4,4.7));
#969 = LINE('',#970,#971);
#970 = CARTESIAN_POINT('',(28.1,6.7,4.7));
#971 = VECTOR('',#972,1.);
#972 = DIRECTION('',(0.,-1.,1.224646799147E-16));
#973 = ORIENTED_EDGE('',*,*,#974,.T.);
#974 = EDGE_CURVE('',#967,#331,#975,.T.);
#975 = LINE('',#976,#977);
#976 = CARTESIAN_POINT('',(28.1,5.4,5.7));
#977 = VECTOR('',#978,1.);
#978 = DIRECTION('',(0.,-1.224646799147E-16,-1.));
#979 = ORIENTED_EDGE('',*,*,#338,.F.);
#980 = PLANE('',#981);
#981 = AXIS2_PLACEMENT_3D('',#982,#983,#984);
#982 = CARTESIAN_POINT('',(28.1,6.4,5.7));
#983 = DIRECTION('',(1.,0.,0.));
#984 = DIRECTION('',(0.,-1.224646799147E-16,-1.));
#985 = ADVANCED_FACE('',(#986),#1004,.T.);
#986 = FACE_BOUND('',#987,.T.);
#987 = EDGE_LOOP('',(#988,#989,#997,#1003));
#988 = ORIENTED_EDGE('',*,*,#950,.F.);
#989 = ORIENTED_EDGE('',*,*,#990,.T.);
#990 = EDGE_CURVE('',#943,#991,#993,.T.);
#991 = VERTEX_POINT('',#992);
#992 = CARTESIAN_POINT('',(26.7,5.4,4.7));
#993 = LINE('',#994,#995);
#994 = CARTESIAN_POINT('',(26.7,6.7,4.7));
#995 = VECTOR('',#996,1.);
#996 = DIRECTION('',(0.,-1.,1.224646799147E-16));
#997 = ORIENTED_EDGE('',*,*,#998,.T.);
#998 = EDGE_CURVE('',#991,#323,#999,.T.);
#999 = LINE('',#1000,#1001);
#1000 = CARTESIAN_POINT('',(26.7,5.4,5.7));
#1001 = VECTOR('',#1002,1.);
#1002 = DIRECTION('',(0.,-1.224646799147E-16,-1.));
#1003 = ORIENTED_EDGE('',*,*,#322,.F.);
#1004 = PLANE('',#1005);
#1005 = AXIS2_PLACEMENT_3D('',#1006,#1007,#1008);
#1006 = CARTESIAN_POINT('',(26.7,6.4,5.7));
#1007 = DIRECTION('',(1.,0.,0.));
#1008 = DIRECTION('',(0.,-1.224646799147E-16,-1.));
#1009 = ADVANCED_FACE('',(#1010),#1021,.F.);
#1010 = FACE_BOUND('',#1011,.F.);
#1011 = EDGE_LOOP('',(#1012,#1013,#1019,#1020));
#1012 = ORIENTED_EDGE('',*,*,#974,.F.);
#1013 = ORIENTED_EDGE('',*,*,#1014,.T.);
#1014 = EDGE_CURVE('',#967,#991,#1015,.T.);
#1015 = LINE('',#1016,#1017);
#1016 = CARTESIAN_POINT('',(26.4,5.4,4.7));
#1017 = VECTOR('',#1018,1.);
#1018 = DIRECTION('',(-1.,0.,-0.));
#1019 = ORIENTED_EDGE('',*,*,#998,.T.);
#1020 = ORIENTED_EDGE('',*,*,#330,.F.);
#1021 = PLANE('',#1022);
#1022 = AXIS2_PLACEMENT_3D('',#1023,#1024,#1025);
#1023 = CARTESIAN_POINT('',(26.7,5.4,5.7));
#1024 = DIRECTION('',(0.,-1.,1.224646799147E-16));
#1025 = DIRECTION('',(0.,-1.224646799147E-16,-1.));
#1026 = ADVANCED_FACE('',(#1027),#1030,.T.);
#1027 = FACE_BOUND('',#1028,.F.);
#1028 = EDGE_LOOP('',(#1029));
#1029 = ORIENTED_EDGE('',*,*,#526,.F.);
#1030 = PLANE('',#1031);
#1031 = AXIS2_PLACEMENT_3D('',#1032,#1033,#1034);
#1032 = CARTESIAN_POINT('',(25.9,28.4,0.3));
#1033 = DIRECTION('',(0.,-1.224646799147E-16,-1.));
#1034 = DIRECTION('',(1.,0.,0.));
#1035 = ADVANCED_FACE('',(#1036,#1047),#1058,.F.);
#1036 = FACE_BOUND('',#1037,.F.);
#1037 = EDGE_LOOP('',(#1038,#1044,#1045,#1046));
#1038 = ORIENTED_EDGE('',*,*,#1039,.F.);
#1039 = EDGE_CURVE('',#599,#551,#1040,.T.);
#1040 = LINE('',#1041,#1042);
#1041 = CARTESIAN_POINT('',(21.4,32.9,0.8));
#1042 = VECTOR('',#1043,1.);
#1043 = DIRECTION('',(0.,-1.,1.224646799147E-16));
#1044 = ORIENTED_EDGE('',*,*,#598,.T.);
#1045 = ORIENTED_EDGE('',*,*,#582,.T.);
#1046 = ORIENTED_EDGE('',*,*,#550,.F.);
#1047 = FACE_BOUND('',#1048,.F.);
#1048 = EDGE_LOOP('',(#1049));
#1049 = ORIENTED_EDGE('',*,*,#1050,.F.);
#1050 = EDGE_CURVE('',#1051,#1051,#1053,.T.);
#1051 = VERTEX_POINT('',#1052);
#1052 = CARTESIAN_POINT('',(27.15,28.4,0.8));
#1053 = CIRCLE('',#1054,1.25);
#1054 = AXIS2_PLACEMENT_3D('',#1055,#1056,#1057);
#1055 = CARTESIAN_POINT('',(25.9,28.4,0.8));
#1056 = DIRECTION('',(0.,-1.224646799147E-16,-1.));
#1057 = DIRECTION('',(1.,0.,0.));
#1058 = PLANE('',#1059);
#1059 = AXIS2_PLACEMENT_3D('',#1060,#1061,#1062);
#1060 = CARTESIAN_POINT('',(21.4,32.9,0.8));
#1061 = DIRECTION('',(0.,-1.224646799147E-16,-1.));
#1062 = DIRECTION('',(1.,0.,0.));
#1063 = ADVANCED_FACE('',(#1064,#1098),#1104,.F.);
#1064 = FACE_BOUND('',#1065,.F.);
#1065 = EDGE_LOOP('',(#1066,#1076,#1084,#1092));
#1066 = ORIENTED_EDGE('',*,*,#1067,.F.);
#1067 = EDGE_CURVE('',#1068,#1070,#1072,.T.);
#1068 = VERTEX_POINT('',#1069);
#1069 = CARTESIAN_POINT('',(5.1,7.,4.7));
#1070 = VERTEX_POINT('',#1071);
#1071 = CARTESIAN_POINT('',(5.1,4.8,4.7));
#1072 = LINE('',#1073,#1074);
#1073 = CARTESIAN_POINT('',(5.1,7.,4.7));
#1074 = VECTOR('',#1075,1.);
#1075 = DIRECTION('',(0.,-1.,1.224646799147E-16));
#1076 = ORIENTED_EDGE('',*,*,#1077,.T.);
#1077 = EDGE_CURVE('',#1068,#1078,#1080,.T.);
#1078 = VERTEX_POINT('',#1079);
#1079 = CARTESIAN_POINT('',(7.7,7.,4.7));
#1080 = LINE('',#1081,#1082);
#1081 = CARTESIAN_POINT('',(5.1,7.,4.7));
#1082 = VECTOR('',#1083,1.);
#1083 = DIRECTION('',(1.,0.,0.));
#1084 = ORIENTED_EDGE('',*,*,#1085,.T.);
#1085 = EDGE_CURVE('',#1078,#1086,#1088,.T.);
#1086 = VERTEX_POINT('',#1087);
#1087 = CARTESIAN_POINT('',(7.7,4.8,4.7));
#1088 = LINE('',#1089,#1090);
#1089 = CARTESIAN_POINT('',(7.7,7.,4.7));
#1090 = VECTOR('',#1091,1.);
#1091 = DIRECTION('',(0.,-1.,1.224646799147E-16));
#1092 = ORIENTED_EDGE('',*,*,#1093,.F.);
#1093 = EDGE_CURVE('',#1070,#1086,#1094,.T.);
#1094 = LINE('',#1095,#1096);
#1095 = CARTESIAN_POINT('',(5.1,4.8,4.7));
#1096 = VECTOR('',#1097,1.);
#1097 = DIRECTION('',(1.,0.,0.));
#1098 = FACE_BOUND('',#1099,.F.);
#1099 = EDGE_LOOP('',(#1100,#1101,#1102,#1103));
#1100 = ORIENTED_EDGE('',*,*,#629,.T.);
#1101 = ORIENTED_EDGE('',*,*,#677,.T.);
#1102 = ORIENTED_EDGE('',*,*,#701,.F.);
#1103 = ORIENTED_EDGE('',*,*,#653,.F.);
#1104 = PLANE('',#1105);
#1105 = AXIS2_PLACEMENT_3D('',#1106,#1107,#1108);
#1106 = CARTESIAN_POINT('',(5.1,7.,4.7));
#1107 = DIRECTION('',(0.,-1.224646799147E-16,-1.));
#1108 = DIRECTION('',(1.,0.,0.));
#1109 = ADVANCED_FACE('',(#1110,#1144),#1150,.F.);
#1110 = FACE_BOUND('',#1111,.F.);
#1111 = EDGE_LOOP('',(#1112,#1122,#1130,#1138));
#1112 = ORIENTED_EDGE('',*,*,#1113,.F.);
#1113 = EDGE_CURVE('',#1114,#1116,#1118,.T.);
#1114 = VERTEX_POINT('',#1115);
#1115 = CARTESIAN_POINT('',(9.6,7.,4.7));
#1116 = VERTEX_POINT('',#1117);
#1117 = CARTESIAN_POINT('',(9.6,4.8,4.7));
#1118 = LINE('',#1119,#1120);
#1119 = CARTESIAN_POINT('',(9.6,7.,4.7));
#1120 = VECTOR('',#1121,1.);
#1121 = DIRECTION('',(0.,-1.,1.224646799147E-16));
#1122 = ORIENTED_EDGE('',*,*,#1123,.T.);
#1123 = EDGE_CURVE('',#1114,#1124,#1126,.T.);
#1124 = VERTEX_POINT('',#1125);
#1125 = CARTESIAN_POINT('',(12.2,7.,4.7));
#1126 = LINE('',#1127,#1128);
#1127 = CARTESIAN_POINT('',(9.6,7.,4.7));
#1128 = VECTOR('',#1129,1.);
#1129 = DIRECTION('',(1.,0.,0.));
#1130 = ORIENTED_EDGE('',*,*,#1131,.T.);
#1131 = EDGE_CURVE('',#1124,#1132,#1134,.T.);
#1132 = VERTEX_POINT('',#1133);
#1133 = CARTESIAN_POINT('',(12.2,4.8,4.7));
#1134 = LINE('',#1135,#1136);
#1135 = CARTESIAN_POINT('',(12.2,7.,4.7));
#1136 = VECTOR('',#1137,1.);
#1137 = DIRECTION('',(0.,-1.,1.224646799147E-16));
#1138 = ORIENTED_EDGE('',*,*,#1139,.F.);
#1139 = EDGE_CURVE('',#1116,#1132,#1140,.T.);
#1140 = LINE('',#1141,#1142);
#1141 = CARTESIAN_POINT('',(9.6,4.8,4.7));
#1142 = VECTOR('',#1143,1.);
#1143 = DIRECTION('',(1.,0.,0.));
#1144 = FACE_BOUND('',#1145,.F.);
#1145 = EDGE_LOOP('',(#1146,#1147,#1148,#1149));
#1146 = ORIENTED_EDGE('',*,*,#725,.T.);
#1147 = ORIENTED_EDGE('',*,*,#773,.T.);
#1148 = ORIENTED_EDGE('',*,*,#797,.F.);
#1149 = ORIENTED_EDGE('',*,*,#749,.F.);
#1150 = PLANE('',#1151);
#1151 = AXIS2_PLACEMENT_3D('',#1152,#1153,#1154);
#1152 = CARTESIAN_POINT('',(9.6,7.,4.7));
#1153 = DIRECTION('',(0.,-1.224646799147E-16,-1.));
#1154 = DIRECTION('',(1.,0.,0.));
#1155 = ADVANCED_FACE('',(#1156,#1167),#1170,.F.);
#1156 = FACE_BOUND('',#1157,.F.);
#1157 = EDGE_LOOP('',(#1158));
#1158 = ORIENTED_EDGE('',*,*,#1159,.T.);
#1159 = EDGE_CURVE('',#1160,#1160,#1162,.T.);
#1160 = VERTEX_POINT('',#1161);
#1161 = CARTESIAN_POINT('',(19.9,6.9,5.7));
#1162 = CIRCLE('',#1163,3.);
#1163 = AXIS2_PLACEMENT_3D('',#1164,#1165,#1166);
#1164 = CARTESIAN_POINT('',(16.9,6.9,5.7));
#1165 = DIRECTION('',(0.,-1.224646799147E-16,-1.));
#1166 = DIRECTION('',(1.,0.,0.));
#1167 = FACE_BOUND('',#1168,.F.);
#1168 = EDGE_LOOP('',(#1169));
#1169 = ORIENTED_EDGE('',*,*,#822,.F.);
#1170 = PLANE('',#1171);
#1171 = AXIS2_PLACEMENT_3D('',#1172,#1173,#1174);
#1172 = CARTESIAN_POINT('',(16.9,6.9,5.7));
#1173 = DIRECTION('',(0.,-1.224646799147E-16,-1.));
#1174 = DIRECTION('',(1.,0.,0.));
#1175 = ADVANCED_FACE('',(#1176,#1210),#1216,.F.);
#1176 = FACE_BOUND('',#1177,.F.);
#1177 = EDGE_LOOP('',(#1178,#1188,#1196,#1204));
#1178 = ORIENTED_EDGE('',*,*,#1179,.F.);
#1179 = EDGE_CURVE('',#1180,#1182,#1184,.T.);
#1180 = VERTEX_POINT('',#1181);
#1181 = CARTESIAN_POINT('',(21.6,7.,4.7));
#1182 = VERTEX_POINT('',#1183);
#1183 = CARTESIAN_POINT('',(21.6,4.8,4.7));
#1184 = LINE('',#1185,#1186);
#1185 = CARTESIAN_POINT('',(21.6,7.,4.7));
#1186 = VECTOR('',#1187,1.);
#1187 = DIRECTION('',(0.,-1.,1.224646799147E-16));
#1188 = ORIENTED_EDGE('',*,*,#1189,.T.);
#1189 = EDGE_CURVE('',#1180,#1190,#1192,.T.);
#1190 = VERTEX_POINT('',#1191);
#1191 = CARTESIAN_POINT('',(24.2,7.,4.7));
#1192 = LINE('',#1193,#1194);
#1193 = CARTESIAN_POINT('',(21.6,7.,4.7));
#1194 = VECTOR('',#1195,1.);
#1195 = DIRECTION('',(1.,0.,0.));
#1196 = ORIENTED_EDGE('',*,*,#1197,.T.);
#1197 = EDGE_CURVE('',#1190,#1198,#1200,.T.);
#1198 = VERTEX_POINT('',#1199);
#1199 = CARTESIAN_POINT('',(24.2,4.8,4.7));
#1200 = LINE('',#1201,#1202);
#1201 = CARTESIAN_POINT('',(24.2,7.,4.7));
#1202 = VECTOR('',#1203,1.);
#1203 = DIRECTION('',(0.,-1.,1.224646799147E-16));
#1204 = ORIENTED_EDGE('',*,*,#1205,.F.);
#1205 = EDGE_CURVE('',#1182,#1198,#1206,.T.);
#1206 = LINE('',#1207,#1208);
#1207 = CARTESIAN_POINT('',(21.6,4.8,4.7));
#1208 = VECTOR('',#1209,1.);
#1209 = DIRECTION('',(1.,0.,0.));
#1210 = FACE_BOUND('',#1211,.F.);
#1211 = EDGE_LOOP('',(#1212,#1213,#1214,#1215));
#1212 = ORIENTED_EDGE('',*,*,#846,.T.);
#1213 = ORIENTED_EDGE('',*,*,#894,.T.);
#1214 = ORIENTED_EDGE('',*,*,#918,.F.);
#1215 = ORIENTED_EDGE('',*,*,#870,.F.);
#1216 = PLANE('',#1217);
#1217 = AXIS2_PLACEMENT_3D('',#1218,#1219,#1220);
#1218 = CARTESIAN_POINT('',(21.6,7.,4.7));
#1219 = DIRECTION('',(0.,-1.224646799147E-16,-1.));
#1220 = DIRECTION('',(1.,0.,0.));
#1221 = ADVANCED_FACE('',(#1222,#1256),#1262,.F.);
#1222 = FACE_BOUND('',#1223,.F.);
#1223 = EDGE_LOOP('',(#1224,#1234,#1242,#1250));
#1224 = ORIENTED_EDGE('',*,*,#1225,.F.);
#1225 = EDGE_CURVE('',#1226,#1228,#1230,.T.);
#1226 = VERTEX_POINT('',#1227);
#1227 = CARTESIAN_POINT('',(26.1,7.,4.7));
#1228 = VERTEX_POINT('',#1229);
#1229 = CARTESIAN_POINT('',(26.1,4.8,4.7));
#1230 = LINE('',#1231,#1232);
#1231 = CARTESIAN_POINT('',(26.1,7.,4.7));
#1232 = VECTOR('',#1233,1.);
#1233 = DIRECTION('',(0.,-1.,1.224646799147E-16));
#1234 = ORIENTED_EDGE('',*,*,#1235,.T.);
#1235 = EDGE_CURVE('',#1226,#1236,#1238,.T.);
#1236 = VERTEX_POINT('',#1237);
#1237 = CARTESIAN_POINT('',(28.7,7.,4.7));
#1238 = LINE('',#1239,#1240);
#1239 = CARTESIAN_POINT('',(26.1,7.,4.7));
#1240 = VECTOR('',#1241,1.);
#1241 = DIRECTION('',(1.,0.,0.));
#1242 = ORIENTED_EDGE('',*,*,#1243,.T.);
#1243 = EDGE_CURVE('',#1236,#1244,#1246,.T.);
#1244 = VERTEX_POINT('',#1245);
#1245 = CARTESIAN_POINT('',(28.7,4.8,4.7));
#1246 = LINE('',#1247,#1248);
#1247 = CARTESIAN_POINT('',(28.7,7.,4.7));
#1248 = VECTOR('',#1249,1.);
#1249 = DIRECTION('',(0.,-1.,1.224646799147E-16));
#1250 = ORIENTED_EDGE('',*,*,#1251,.F.);
#1251 = EDGE_CURVE('',#1228,#1244,#1252,.T.);
#1252 = LINE('',#1253,#1254);
#1253 = CARTESIAN_POINT('',(26.1,4.8,4.7));
#1254 = VECTOR('',#1255,1.);
#1255 = DIRECTION('',(1.,0.,0.));
#1256 = FACE_BOUND('',#1257,.F.);
#1257 = EDGE_LOOP('',(#1258,#1259,#1260,#1261));
#1258 = ORIENTED_EDGE('',*,*,#942,.T.);
#1259 = ORIENTED_EDGE('',*,*,#990,.T.);
#1260 = ORIENTED_EDGE('',*,*,#1014,.F.);
#1261 = ORIENTED_EDGE('',*,*,#966,.F.);
#1262 = PLANE('',#1263);
#1263 = AXIS2_PLACEMENT_3D('',#1264,#1265,#1266);
#1264 = CARTESIAN_POINT('',(26.1,7.,4.7));
#1265 = DIRECTION('',(0.,-1.224646799147E-16,-1.));
#1266 = DIRECTION('',(1.,0.,0.));
#1267 = ADVANCED_FACE('',(#1268),#1287,.T.);
#1268 = FACE_BOUND('',#1269,.T.);
#1269 = EDGE_LOOP('',(#1270,#1271,#1279,#1286));
#1270 = ORIENTED_EDGE('',*,*,#1050,.F.);
#1271 = ORIENTED_EDGE('',*,*,#1272,.F.);
#1272 = EDGE_CURVE('',#1273,#1051,#1275,.T.);
#1273 = VERTEX_POINT('',#1274);
#1274 = CARTESIAN_POINT('',(27.15,28.4,4.));
#1275 = LINE('',#1276,#1277);
#1276 = CARTESIAN_POINT('',(27.15,28.4,4.));
#1277 = VECTOR('',#1278,1.);
#1278 = DIRECTION('',(0.,-1.224646799147E-16,-1.));
#1279 = ORIENTED_EDGE('',*,*,#1280,.T.);
#1280 = EDGE_CURVE('',#1273,#1273,#1281,.T.);
#1281 = CIRCLE('',#1282,1.25);
#1282 = AXIS2_PLACEMENT_3D('',#1283,#1284,#1285);
#1283 = CARTESIAN_POINT('',(25.9,28.4,4.));
#1284 = DIRECTION('',(0.,-1.224646799147E-16,-1.));
#1285 = DIRECTION('',(1.,0.,0.));
#1286 = ORIENTED_EDGE('',*,*,#1272,.T.);
#1287 = CYLINDRICAL_SURFACE('',#1288,1.25);
#1288 = AXIS2_PLACEMENT_3D('',#1289,#1290,#1291);
#1289 = CARTESIAN_POINT('',(25.9,28.4,4.));
#1290 = DIRECTION('',(0.,-1.224646799147E-16,-1.));
#1291 = DIRECTION('',(1.,0.,0.));
#1292 = ADVANCED_FACE('',(#1293),#1318,.F.);
#1293 = FACE_BOUND('',#1294,.F.);
#1294 = EDGE_LOOP('',(#1295,#1296,#1304,#1312));
#1295 = ORIENTED_EDGE('',*,*,#1077,.F.);
#1296 = ORIENTED_EDGE('',*,*,#1297,.T.);
#1297 = EDGE_CURVE('',#1068,#1298,#1300,.T.);
#1298 = VERTEX_POINT('',#1299);
#1299 = CARTESIAN_POINT('',(5.1,7.,1.2));
#1300 = LINE('',#1301,#1302);
#1301 = CARTESIAN_POINT('',(5.1,7.,4.7));
#1302 = VECTOR('',#1303,1.);
#1303 = DIRECTION('',(0.,-1.224646799147E-16,-1.));
#1304 = ORIENTED_EDGE('',*,*,#1305,.T.);
#1305 = EDGE_CURVE('',#1298,#1306,#1308,.T.);
#1306 = VERTEX_POINT('',#1307);
#1307 = CARTESIAN_POINT('',(7.7,7.,1.2));
#1308 = LINE('',#1309,#1310);
#1309 = CARTESIAN_POINT('',(5.1,7.,1.2));
#1310 = VECTOR('',#1311,1.);
#1311 = DIRECTION('',(1.,0.,0.));
#1312 = ORIENTED_EDGE('',*,*,#1313,.F.);
#1313 = EDGE_CURVE('',#1078,#1306,#1314,.T.);
#1314 = LINE('',#1315,#1316);
#1315 = CARTESIAN_POINT('',(7.7,7.,4.7));
#1316 = VECTOR('',#1317,1.);
#1317 = DIRECTION('',(0.,-1.224646799147E-16,-1.));
#1318 = PLANE('',#1319);
#1319 = AXIS2_PLACEMENT_3D('',#1320,#1321,#1322);
#1320 = CARTESIAN_POINT('',(5.1,7.,4.7));
#1321 = DIRECTION('',(0.,-1.,1.224646799147E-16));
#1322 = DIRECTION('',(0.,-1.224646799147E-16,-1.));
#1323 = ADVANCED_FACE('',(#1324,#1394,#1428,#1453,#1487,#1498,#1532),
  #1566,.F.);
#1324 = FACE_BOUND('',#1325,.F.);
#1325 = EDGE_LOOP('',(#1326,#1336,#1345,#1353,#1362,#1370,#1379,#1387));
#1326 = ORIENTED_EDGE('',*,*,#1327,.F.);
#1327 = EDGE_CURVE('',#1328,#1330,#1332,.T.);
#1328 = VERTEX_POINT('',#1329);
#1329 = CARTESIAN_POINT('',(2.7,51.4,1.2));
#1330 = VERTEX_POINT('',#1331);
#1331 = CARTESIAN_POINT('',(2.7,4.9,1.2));
#1332 = LINE('',#1333,#1334);
#1333 = CARTESIAN_POINT('',(2.7,54.15,1.2));
#1334 = VECTOR('',#1335,1.);
#1335 = DIRECTION('',(0.,-1.,1.224646799147E-16));
#1336 = ORIENTED_EDGE('',*,*,#1337,.T.);
#1337 = EDGE_CURVE('',#1328,#1338,#1340,.T.);
#1338 = VERTEX_POINT('',#1339);
#1339 = CARTESIAN_POINT('',(4.9,53.6,1.2));
#1340 = CIRCLE('',#1341,2.2);
#1341 = AXIS2_PLACEMENT_3D('',#1342,#1343,#1344);
#1342 = CARTESIAN_POINT('',(4.9,51.4,1.2));
#1343 = DIRECTION('',(0.,-1.224646799147E-16,-1.));
#1344 = DIRECTION('',(-1.,0.,-0.));
#1345 = ORIENTED_EDGE('',*,*,#1346,.F.);
#1346 = EDGE_CURVE('',#1347,#1338,#1349,.T.);
#1347 = VERTEX_POINT('',#1348);
#1348 = CARTESIAN_POINT('',(28.9,53.6,1.2));
#1349 = LINE('',#1350,#1351);
#1350 = CARTESIAN_POINT('',(2.15,53.6,1.2));
#1351 = VECTOR('',#1352,1.);
#1352 = DIRECTION('',(-1.,0.,-0.));
#1353 = ORIENTED_EDGE('',*,*,#1354,.T.);
#1354 = EDGE_CURVE('',#1347,#1355,#1357,.T.);
#1355 = VERTEX_POINT('',#1356);
#1356 = CARTESIAN_POINT('',(31.1,51.4,1.2));
#1357 = CIRCLE('',#1358,2.2);
#1358 = AXIS2_PLACEMENT_3D('',#1359,#1360,#1361);
#1359 = CARTESIAN_POINT('',(28.9,51.4,1.2));
#1360 = DIRECTION('',(0.,-1.224646799147E-16,-1.));
#1361 = DIRECTION('',(1.,0.,0.));
#1362 = ORIENTED_EDGE('',*,*,#1363,.T.);
#1363 = EDGE_CURVE('',#1355,#1364,#1366,.T.);
#1364 = VERTEX_POINT('',#1365);
#1365 = CARTESIAN_POINT('',(31.1,4.9,1.2));
#1366 = LINE('',#1367,#1368);
#1367 = CARTESIAN_POINT('',(31.1,54.15,1.2));
#1368 = VECTOR('',#1369,1.);
#1369 = DIRECTION('',(0.,-1.,1.224646799147E-16));
#1370 = ORIENTED_EDGE('',*,*,#1371,.T.);
#1371 = EDGE_CURVE('',#1364,#1372,#1374,.T.);
#1372 = VERTEX_POINT('',#1373);
#1373 = CARTESIAN_POINT('',(28.9,2.7,1.2));
#1374 = CIRCLE('',#1375,2.2);
#1375 = AXIS2_PLACEMENT_3D('',#1376,#1377,#1378);
#1376 = CARTESIAN_POINT('',(28.9,4.9,1.2));
#1377 = DIRECTION('',(0.,-1.224646799147E-16,-1.));
#1378 = DIRECTION('',(1.,0.,0.));
#1379 = ORIENTED_EDGE('',*,*,#1380,.T.);
#1380 = EDGE_CURVE('',#1372,#1381,#1383,.T.);
#1381 = VERTEX_POINT('',#1382);
#1382 = CARTESIAN_POINT('',(4.9,2.7,1.2));
#1383 = LINE('',#1384,#1385);
#1384 = CARTESIAN_POINT('',(2.15,2.7,1.2));
#1385 = VECTOR('',#1386,1.);
#1386 = DIRECTION('',(-1.,0.,-0.));
#1387 = ORIENTED_EDGE('',*,*,#1388,.T.);
#1388 = EDGE_CURVE('',#1381,#1330,#1389,.T.);
#1389 = CIRCLE('',#1390,2.2);
#1390 = AXIS2_PLACEMENT_3D('',#1391,#1392,#1393);
#1391 = CARTESIAN_POINT('',(4.9,4.9,1.2));
#1392 = DIRECTION('',(0.,-1.224646799147E-16,-1.));
#1393 = DIRECTION('',(-1.,0.,-0.));
#1394 = FACE_BOUND('',#1395,.F.);
#1395 = EDGE_LOOP('',(#1396,#1406,#1414,#1422));
#1396 = ORIENTED_EDGE('',*,*,#1397,.T.);
#1397 = EDGE_CURVE('',#1398,#1400,#1402,.T.);
#1398 = VERTEX_POINT('',#1399);
#1399 = CARTESIAN_POINT('',(31.,33.5,1.2));
#1400 = VERTEX_POINT('',#1401);
#1401 = CARTESIAN_POINT('',(21.4,33.5,1.2));
#1402 = LINE('',#1403,#1404);
#1403 = CARTESIAN_POINT('',(11.5,33.5,1.2));
#1404 = VECTOR('',#1405,1.);
#1405 = DIRECTION('',(-1.,0.,-0.));
#1406 = ORIENTED_EDGE('',*,*,#1407,.T.);
#1407 = EDGE_CURVE('',#1400,#1408,#1410,.T.);
#1408 = VERTEX_POINT('',#1409);
#1409 = CARTESIAN_POINT('',(21.4,23.3,1.2));
#1410 = LINE('',#1411,#1412);
#1411 = CARTESIAN_POINT('',(21.4,39.3,1.2));
#1412 = VECTOR('',#1413,1.);
#1413 = DIRECTION('',(0.,-1.,1.224646799147E-16));
#1414 = ORIENTED_EDGE('',*,*,#1415,.F.);
#1415 = EDGE_CURVE('',#1416,#1408,#1418,.T.);
#1416 = VERTEX_POINT('',#1417);
#1417 = CARTESIAN_POINT('',(31.,23.3,1.2));
#1418 = LINE('',#1419,#1420);
#1419 = CARTESIAN_POINT('',(11.5,23.3,1.2));
#1420 = VECTOR('',#1421,1.);
#1421 = DIRECTION('',(-1.,0.,-0.));
#1422 = ORIENTED_EDGE('',*,*,#1423,.F.);
#1423 = EDGE_CURVE('',#1398,#1416,#1424,.T.);
#1424 = LINE('',#1425,#1426);
#1425 = CARTESIAN_POINT('',(31.,44.1,1.2));
#1426 = VECTOR('',#1427,1.);
#1427 = DIRECTION('',(0.,-1.,1.224646799147E-16));
#1428 = FACE_BOUND('',#1429,.F.);
#1429 = EDGE_LOOP('',(#1430,#1431,#1439,#1447));
#1430 = ORIENTED_EDGE('',*,*,#1305,.F.);
#1431 = ORIENTED_EDGE('',*,*,#1432,.T.);
#1432 = EDGE_CURVE('',#1298,#1433,#1435,.T.);
#1433 = VERTEX_POINT('',#1434);
#1434 = CARTESIAN_POINT('',(5.1,4.8,1.2));
#1435 = LINE('',#1436,#1437);
#1436 = CARTESIAN_POINT('',(5.1,7.,1.2));
#1437 = VECTOR('',#1438,1.);
#1438 = DIRECTION('',(0.,-1.,1.224646799147E-16));
#1439 = ORIENTED_EDGE('',*,*,#1440,.T.);
#1440 = EDGE_CURVE('',#1433,#1441,#1443,.T.);
#1441 = VERTEX_POINT('',#1442);
#1442 = CARTESIAN_POINT('',(7.7,4.8,1.2));
#1443 = LINE('',#1444,#1445);
#1444 = CARTESIAN_POINT('',(5.1,4.8,1.2));
#1445 = VECTOR('',#1446,1.);
#1446 = DIRECTION('',(1.,0.,0.));
#1447 = ORIENTED_EDGE('',*,*,#1448,.F.);
#1448 = EDGE_CURVE('',#1306,#1441,#1449,.T.);
#1449 = LINE('',#1450,#1451);
#1450 = CARTESIAN_POINT('',(7.7,7.,1.2));
#1451 = VECTOR('',#1452,1.);
#1452 = DIRECTION('',(0.,-1.,1.224646799147E-16));
#1453 = FACE_BOUND('',#1454,.F.);
#1454 = EDGE_LOOP('',(#1455,#1465,#1473,#1481));
#1455 = ORIENTED_EDGE('',*,*,#1456,.F.);
#1456 = EDGE_CURVE('',#1457,#1459,#1461,.T.);
#1457 = VERTEX_POINT('',#1458);
#1458 = CARTESIAN_POINT('',(9.6,7.,1.2));
#1459 = VERTEX_POINT('',#1460);
#1460 = CARTESIAN_POINT('',(12.2,7.,1.2));
#1461 = LINE('',#1462,#1463);
#1462 = CARTESIAN_POINT('',(9.6,7.,1.2));
#1463 = VECTOR('',#1464,1.);
#1464 = DIRECTION('',(1.,0.,0.));
#1465 = ORIENTED_EDGE('',*,*,#1466,.T.);
#1466 = EDGE_CURVE('',#1457,#1467,#1469,.T.);
#1467 = VERTEX_POINT('',#1468);
#1468 = CARTESIAN_POINT('',(9.6,4.8,1.2));
#1469 = LINE('',#1470,#1471);
#1470 = CARTESIAN_POINT('',(9.6,7.,1.2));
#1471 = VECTOR('',#1472,1.);
#1472 = DIRECTION('',(0.,-1.,1.224646799147E-16));
#1473 = ORIENTED_EDGE('',*,*,#1474,.T.);
#1474 = EDGE_CURVE('',#1467,#1475,#1477,.T.);
#1475 = VERTEX_POINT('',#1476);
#1476 = CARTESIAN_POINT('',(12.2,4.8,1.2));
#1477 = LINE('',#1478,#1479);
#1478 = CARTESIAN_POINT('',(9.6,4.8,1.2));
#1479 = VECTOR('',#1480,1.);
#1480 = DIRECTION('',(1.,0.,0.));
#1481 = ORIENTED_EDGE('',*,*,#1482,.F.);
#1482 = EDGE_CURVE('',#1459,#1475,#1483,.T.);
#1483 = LINE('',#1484,#1485);
#1484 = CARTESIAN_POINT('',(12.2,7.,1.2));
#1485 = VECTOR('',#1486,1.);
#1486 = DIRECTION('',(0.,-1.,1.224646799147E-16));
#1487 = FACE_BOUND('',#1488,.F.);
#1488 = EDGE_LOOP('',(#1489));
#1489 = ORIENTED_EDGE('',*,*,#1490,.F.);
#1490 = EDGE_CURVE('',#1491,#1491,#1493,.T.);
#1491 = VERTEX_POINT('',#1492);
#1492 = CARTESIAN_POINT('',(19.9,6.9,1.2));
#1493 = CIRCLE('',#1494,3.);
#1494 = AXIS2_PLACEMENT_3D('',#1495,#1496,#1497);
#1495 = CARTESIAN_POINT('',(16.9,6.9,1.2));
#1496 = DIRECTION('',(0.,-1.224646799147E-16,-1.));
#1497 = DIRECTION('',(1.,0.,0.));
#1498 = FACE_BOUND('',#1499,.F.);
#1499 = EDGE_LOOP('',(#1500,#1510,#1518,#1526));
#1500 = ORIENTED_EDGE('',*,*,#1501,.F.);
#1501 = EDGE_CURVE('',#1502,#1504,#1506,.T.);
#1502 = VERTEX_POINT('',#1503);
#1503 = CARTESIAN_POINT('',(21.6,7.,1.2));
#1504 = VERTEX_POINT('',#1505);
#1505 = CARTESIAN_POINT('',(24.2,7.,1.2));
#1506 = LINE('',#1507,#1508);
#1507 = CARTESIAN_POINT('',(21.6,7.,1.2));
#1508 = VECTOR('',#1509,1.);
#1509 = DIRECTION('',(1.,0.,0.));
#1510 = ORIENTED_EDGE('',*,*,#1511,.T.);
#1511 = EDGE_CURVE('',#1502,#1512,#1514,.T.);
#1512 = VERTEX_POINT('',#1513);
#1513 = CARTESIAN_POINT('',(21.6,4.8,1.2));
#1514 = LINE('',#1515,#1516);
#1515 = CARTESIAN_POINT('',(21.6,7.,1.2));
#1516 = VECTOR('',#1517,1.);
#1517 = DIRECTION('',(0.,-1.,1.224646799147E-16));
#1518 = ORIENTED_EDGE('',*,*,#1519,.T.);
#1519 = EDGE_CURVE('',#1512,#1520,#1522,.T.);
#1520 = VERTEX_POINT('',#1521);
#1521 = CARTESIAN_POINT('',(24.2,4.8,1.2));
#1522 = LINE('',#1523,#1524);
#1523 = CARTESIAN_POINT('',(21.6,4.8,1.2));
#1524 = VECTOR('',#1525,1.);
#1525 = DIRECTION('',(1.,0.,0.));
#1526 = ORIENTED_EDGE('',*,*,#1527,.F.);
#1527 = EDGE_CURVE('',#1504,#1520,#1528,.T.);
#1528 = LINE('',#1529,#1530);
#1529 = CARTESIAN_POINT('',(24.2,7.,1.2));
#1530 = VECTOR('',#1531,1.);
#1531 = DIRECTION('',(0.,-1.,1.224646799147E-16));
#1532 = FACE_BOUND('',#1533,.F.);
#1533 = EDGE_LOOP('',(#1534,#1544,#1552,#1560));
#1534 = ORIENTED_EDGE('',*,*,#1535,.F.);
#1535 = EDGE_CURVE('',#1536,#1538,#1540,.T.);
#1536 = VERTEX_POINT('',#1537);
#1537 = CARTESIAN_POINT('',(26.1,7.,1.2));
#1538 = VERTEX_POINT('',#1539);
#1539 = CARTESIAN_POINT('',(28.7,7.,1.2));
#1540 = LINE('',#1541,#1542);
#1541 = CARTESIAN_POINT('',(26.1,7.,1.2));
#1542 = VECTOR('',#1543,1.);
#1543 = DIRECTION('',(1.,0.,0.));
#1544 = ORIENTED_EDGE('',*,*,#1545,.T.);
#1545 = EDGE_CURVE('',#1536,#1546,#1548,.T.);
#1546 = VERTEX_POINT('',#1547);
#1547 = CARTESIAN_POINT('',(26.1,4.8,1.2));
#1548 = LINE('',#1549,#1550);
#1549 = CARTESIAN_POINT('',(26.1,7.,1.2));
#1550 = VECTOR('',#1551,1.);
#1551 = DIRECTION('',(0.,-1.,1.224646799147E-16));
#1552 = ORIENTED_EDGE('',*,*,#1553,.T.);
#1553 = EDGE_CURVE('',#1546,#1554,#1556,.T.);
#1554 = VERTEX_POINT('',#1555);
#1555 = CARTESIAN_POINT('',(28.7,4.8,1.2));
#1556 = LINE('',#1557,#1558);
#1557 = CARTESIAN_POINT('',(26.1,4.8,1.2));
#1558 = VECTOR('',#1559,1.);
#1559 = DIRECTION('',(1.,0.,0.));
#1560 = ORIENTED_EDGE('',*,*,#1561,.F.);
#1561 = EDGE_CURVE('',#1538,#1554,#1562,.T.);
#1562 = LINE('',#1563,#1564);
#1563 = CARTESIAN_POINT('',(28.7,7.,1.2));
#1564 = VECTOR('',#1565,1.);
#1565 = DIRECTION('',(0.,-1.,1.224646799147E-16));
#1566 = PLANE('',#1567);
#1567 = AXIS2_PLACEMENT_3D('',#1568,#1569,#1570);
#1568 = CARTESIAN_POINT('',(1.6,54.7,1.2));
#1569 = DIRECTION('',(0.,-1.224646799147E-16,-1.));
#1570 = DIRECTION('',(1.,0.,0.));
#1571 = ADVANCED_FACE('',(#1572),#1598,.F.);
#1572 = FACE_BOUND('',#1573,.F.);
#1573 = EDGE_LOOP('',(#1574,#1582,#1591,#1597));
#1574 = ORIENTED_EDGE('',*,*,#1575,.F.);
#1575 = EDGE_CURVE('',#1576,#1328,#1578,.T.);
#1576 = VERTEX_POINT('',#1577);
#1577 = CARTESIAN_POINT('',(2.7,51.4,5.7));
#1578 = LINE('',#1579,#1580);
#1579 = CARTESIAN_POINT('',(2.7,51.4,6.7));
#1580 = VECTOR('',#1581,1.);
#1581 = DIRECTION('',(0.,-1.224646799147E-16,-1.));
#1582 = ORIENTED_EDGE('',*,*,#1583,.T.);
#1583 = EDGE_CURVE('',#1576,#1584,#1586,.T.);
#1584 = VERTEX_POINT('',#1585);
#1585 = CARTESIAN_POINT('',(4.9,53.6,5.7));
#1586 = CIRCLE('',#1587,2.2);
#1587 = AXIS2_PLACEMENT_3D('',#1588,#1589,#1590);
#1588 = CARTESIAN_POINT('',(4.9,51.4,5.7));
#1589 = DIRECTION('',(0.,-1.224646799147E-16,-1.));
#1590 = DIRECTION('',(-1.,0.,-0.));
#1591 = ORIENTED_EDGE('',*,*,#1592,.T.);
#1592 = EDGE_CURVE('',#1584,#1338,#1593,.T.);
#1593 = LINE('',#1594,#1595);
#1594 = CARTESIAN_POINT('',(4.9,53.6,6.7));
#1595 = VECTOR('',#1596,1.);
#1596 = DIRECTION('',(0.,-1.224646799147E-16,-1.));
#1597 = ORIENTED_EDGE('',*,*,#1337,.F.);
#1598 = CYLINDRICAL_SURFACE('',#1599,2.2);
#1599 = AXIS2_PLACEMENT_3D('',#1600,#1601,#1602);
#1600 = CARTESIAN_POINT('',(4.9,51.4,6.7));
#1601 = DIRECTION('',(0.,-1.224646799147E-16,-1.));
#1602 = DIRECTION('',(-1.,0.,-0.));
#1603 = ADVANCED_FACE('',(#1604),#1622,.T.);
#1604 = FACE_BOUND('',#1605,.T.);
#1605 = EDGE_LOOP('',(#1606,#1614,#1615,#1616));
#1606 = ORIENTED_EDGE('',*,*,#1607,.T.);
#1607 = EDGE_CURVE('',#1608,#1584,#1610,.T.);
#1608 = VERTEX_POINT('',#1609);
#1609 = CARTESIAN_POINT('',(28.9,53.6,5.7));
#1610 = LINE('',#1611,#1612);
#1611 = CARTESIAN_POINT('',(2.15,53.6,5.7));
#1612 = VECTOR('',#1613,1.);
#1613 = DIRECTION('',(-1.,0.,-0.));
#1614 = ORIENTED_EDGE('',*,*,#1592,.T.);
#1615 = ORIENTED_EDGE('',*,*,#1346,.F.);
#1616 = ORIENTED_EDGE('',*,*,#1617,.F.);
#1617 = EDGE_CURVE('',#1608,#1347,#1618,.T.);
#1618 = LINE('',#1619,#1620);
#1619 = CARTESIAN_POINT('',(28.9,53.6,6.7));
#1620 = VECTOR('',#1621,1.);
#1621 = DIRECTION('',(0.,-1.224646799147E-16,-1.));
#1622 = PLANE('',#1623);
#1623 = AXIS2_PLACEMENT_3D('',#1624,#1625,#1626);
#1624 = CARTESIAN_POINT('',(2.7,53.6,6.7));
#1625 = DIRECTION('',(0.,-1.,1.224646799147E-16));
#1626 = DIRECTION('',(0.,-1.224646799147E-16,-1.));
#1627 = ADVANCED_FACE('',(#1628),#1647,.F.);
#1628 = FACE_BOUND('',#1629,.T.);
#1629 = EDGE_LOOP('',(#1630,#1638,#1645,#1646));
#1630 = ORIENTED_EDGE('',*,*,#1631,.F.);
#1631 = EDGE_CURVE('',#1632,#1355,#1634,.T.);
#1632 = VERTEX_POINT('',#1633);
#1633 = CARTESIAN_POINT('',(31.1,51.4,5.7));
#1634 = LINE('',#1635,#1636);
#1635 = CARTESIAN_POINT('',(31.1,51.4,6.7));
#1636 = VECTOR('',#1637,1.);
#1637 = DIRECTION('',(0.,-1.224646799147E-16,-1.));
#1638 = ORIENTED_EDGE('',*,*,#1639,.F.);
#1639 = EDGE_CURVE('',#1608,#1632,#1640,.T.);
#1640 = CIRCLE('',#1641,2.2);
#1641 = AXIS2_PLACEMENT_3D('',#1642,#1643,#1644);
#1642 = CARTESIAN_POINT('',(28.9,51.4,5.7));
#1643 = DIRECTION('',(0.,-1.224646799147E-16,-1.));
#1644 = DIRECTION('',(1.,0.,0.));
#1645 = ORIENTED_EDGE('',*,*,#1617,.T.);
#1646 = ORIENTED_EDGE('',*,*,#1354,.T.);
#1647 = CYLINDRICAL_SURFACE('',#1648,2.2);
#1648 = AXIS2_PLACEMENT_3D('',#1649,#1650,#1651);
#1649 = CARTESIAN_POINT('',(28.9,51.4,6.7));
#1650 = DIRECTION('',(0.,-1.224646799147E-16,-1.));
#1651 = DIRECTION('',(1.,0.,0.));
#1652 = ADVANCED_FACE('',(#1653),#1671,.F.);
#1653 = FACE_BOUND('',#1654,.F.);
#1654 = EDGE_LOOP('',(#1655,#1656,#1657,#1665));
#1655 = ORIENTED_EDGE('',*,*,#1363,.F.);
#1656 = ORIENTED_EDGE('',*,*,#1631,.F.);
#1657 = ORIENTED_EDGE('',*,*,#1658,.T.);
#1658 = EDGE_CURVE('',#1632,#1659,#1661,.T.);
#1659 = VERTEX_POINT('',#1660);
#1660 = CARTESIAN_POINT('',(31.1,4.9,5.7));
#1661 = LINE('',#1662,#1663);
#1662 = CARTESIAN_POINT('',(31.1,54.15,5.7));
#1663 = VECTOR('',#1664,1.);
#1664 = DIRECTION('',(0.,-1.,1.224646799147E-16));
#1665 = ORIENTED_EDGE('',*,*,#1666,.T.);
#1666 = EDGE_CURVE('',#1659,#1364,#1667,.T.);
#1667 = LINE('',#1668,#1669);
#1668 = CARTESIAN_POINT('',(31.1,4.9,6.7));
#1669 = VECTOR('',#1670,1.);
#1670 = DIRECTION('',(0.,-1.224646799147E-16,-1.));
#1671 = PLANE('',#1672);
#1672 = AXIS2_PLACEMENT_3D('',#1673,#1674,#1675);
#1673 = CARTESIAN_POINT('',(31.1,53.6,6.7));
#1674 = DIRECTION('',(1.,0.,0.));
#1675 = DIRECTION('',(0.,-1.224646799147E-16,-1.));
#1676 = ADVANCED_FACE('',(#1677),#1696,.F.);
#1677 = FACE_BOUND('',#1678,.F.);
#1678 = EDGE_LOOP('',(#1679,#1680,#1689,#1695));
#1679 = ORIENTED_EDGE('',*,*,#1666,.F.);
#1680 = ORIENTED_EDGE('',*,*,#1681,.T.);
#1681 = EDGE_CURVE('',#1659,#1682,#1684,.T.);
#1682 = VERTEX_POINT('',#1683);
#1683 = CARTESIAN_POINT('',(28.9,2.7,5.7));
#1684 = CIRCLE('',#1685,2.2);
#1685 = AXIS2_PLACEMENT_3D('',#1686,#1687,#1688);
#1686 = CARTESIAN_POINT('',(28.9,4.9,5.7));
#1687 = DIRECTION('',(0.,-1.224646799147E-16,-1.));
#1688 = DIRECTION('',(1.,0.,0.));
#1689 = ORIENTED_EDGE('',*,*,#1690,.T.);
#1690 = EDGE_CURVE('',#1682,#1372,#1691,.T.);
#1691 = LINE('',#1692,#1693);
#1692 = CARTESIAN_POINT('',(28.9,2.7,6.7));
#1693 = VECTOR('',#1694,1.);
#1694 = DIRECTION('',(0.,-1.224646799147E-16,-1.));
#1695 = ORIENTED_EDGE('',*,*,#1371,.F.);
#1696 = CYLINDRICAL_SURFACE('',#1697,2.2);
#1697 = AXIS2_PLACEMENT_3D('',#1698,#1699,#1700);
#1698 = CARTESIAN_POINT('',(28.9,4.9,6.7));
#1699 = DIRECTION('',(0.,-1.224646799147E-16,-1.));
#1700 = DIRECTION('',(1.,0.,0.));
#1701 = ADVANCED_FACE('',(#1702),#1720,.F.);
#1702 = FACE_BOUND('',#1703,.F.);
#1703 = EDGE_LOOP('',(#1704,#1712,#1718,#1719));
#1704 = ORIENTED_EDGE('',*,*,#1705,.T.);
#1705 = EDGE_CURVE('',#1682,#1706,#1708,.T.);
#1706 = VERTEX_POINT('',#1707);
#1707 = CARTESIAN_POINT('',(4.9,2.7,5.7));
#1708 = LINE('',#1709,#1710);
#1709 = CARTESIAN_POINT('',(2.15,2.7,5.7));
#1710 = VECTOR('',#1711,1.);
#1711 = DIRECTION('',(-1.,0.,-0.));
#1712 = ORIENTED_EDGE('',*,*,#1713,.T.);
#1713 = EDGE_CURVE('',#1706,#1381,#1714,.T.);
#1714 = LINE('',#1715,#1716);
#1715 = CARTESIAN_POINT('',(4.9,2.7,6.7));
#1716 = VECTOR('',#1717,1.);
#1717 = DIRECTION('',(0.,-1.224646799147E-16,-1.));
#1718 = ORIENTED_EDGE('',*,*,#1380,.F.);
#1719 = ORIENTED_EDGE('',*,*,#1690,.F.);
#1720 = PLANE('',#1721);
#1721 = AXIS2_PLACEMENT_3D('',#1722,#1723,#1724);
#1722 = CARTESIAN_POINT('',(2.7,2.7,6.7));
#1723 = DIRECTION('',(0.,-1.,1.224646799147E-16));
#1724 = DIRECTION('',(0.,-1.224646799147E-16,-1.));
#1725 = ADVANCED_FACE('',(#1726),#1745,.F.);
#1726 = FACE_BOUND('',#1727,.T.);
#1727 = EDGE_LOOP('',(#1728,#1736,#1743,#1744));
#1728 = ORIENTED_EDGE('',*,*,#1729,.F.);
#1729 = EDGE_CURVE('',#1730,#1330,#1732,.T.);
#1730 = VERTEX_POINT('',#1731);
#1731 = CARTESIAN_POINT('',(2.7,4.9,5.7));
#1732 = LINE('',#1733,#1734);
#1733 = CARTESIAN_POINT('',(2.7,4.9,6.7));
#1734 = VECTOR('',#1735,1.);
#1735 = DIRECTION('',(0.,-1.224646799147E-16,-1.));
#1736 = ORIENTED_EDGE('',*,*,#1737,.F.);
#1737 = EDGE_CURVE('',#1706,#1730,#1738,.T.);
#1738 = CIRCLE('',#1739,2.2);
#1739 = AXIS2_PLACEMENT_3D('',#1740,#1741,#1742);
#1740 = CARTESIAN_POINT('',(4.9,4.9,5.7));
#1741 = DIRECTION('',(0.,-1.224646799147E-16,-1.));
#1742 = DIRECTION('',(-1.,0.,-0.));
#1743 = ORIENTED_EDGE('',*,*,#1713,.T.);
#1744 = ORIENTED_EDGE('',*,*,#1388,.T.);
#1745 = CYLINDRICAL_SURFACE('',#1746,2.2);
#1746 = AXIS2_PLACEMENT_3D('',#1747,#1748,#1749);
#1747 = CARTESIAN_POINT('',(4.9,4.9,6.7));
#1748 = DIRECTION('',(0.,-1.224646799147E-16,-1.));
#1749 = DIRECTION('',(-1.,0.,-0.));
#1750 = ADVANCED_FACE('',(#1751),#1762,.T.);
#1751 = FACE_BOUND('',#1752,.T.);
#1752 = EDGE_LOOP('',(#1753,#1754,#1755,#1761));
#1753 = ORIENTED_EDGE('',*,*,#1327,.F.);
#1754 = ORIENTED_EDGE('',*,*,#1575,.F.);
#1755 = ORIENTED_EDGE('',*,*,#1756,.T.);
#1756 = EDGE_CURVE('',#1576,#1730,#1757,.T.);
#1757 = LINE('',#1758,#1759);
#1758 = CARTESIAN_POINT('',(2.7,54.15,5.7));
#1759 = VECTOR('',#1760,1.);
#1760 = DIRECTION('',(0.,-1.,1.224646799147E-16));
#1761 = ORIENTED_EDGE('',*,*,#1729,.T.);
#1762 = PLANE('',#1763);
#1763 = AXIS2_PLACEMENT_3D('',#1764,#1765,#1766);
#1764 = CARTESIAN_POINT('',(2.7,53.6,6.7));
#1765 = DIRECTION('',(1.,0.,0.));
#1766 = DIRECTION('',(0.,-1.224646799147E-16,-1.));
#1767 = ADVANCED_FACE('',(#1768),#1779,.F.);
#1768 = FACE_BOUND('',#1769,.F.);
#1769 = EDGE_LOOP('',(#1770,#1771,#1772,#1778));
#1770 = ORIENTED_EDGE('',*,*,#1297,.F.);
#1771 = ORIENTED_EDGE('',*,*,#1067,.T.);
#1772 = ORIENTED_EDGE('',*,*,#1773,.T.);
#1773 = EDGE_CURVE('',#1070,#1433,#1774,.T.);
#1774 = LINE('',#1775,#1776);
#1775 = CARTESIAN_POINT('',(5.1,4.8,4.7));
#1776 = VECTOR('',#1777,1.);
#1777 = DIRECTION('',(0.,-1.224646799147E-16,-1.));
#1778 = ORIENTED_EDGE('',*,*,#1432,.F.);
#1779 = PLANE('',#1780);
#1780 = AXIS2_PLACEMENT_3D('',#1781,#1782,#1783);
#1781 = CARTESIAN_POINT('',(5.1,7.,4.7));
#1782 = DIRECTION('',(1.,0.,0.));
#1783 = DIRECTION('',(0.,-1.224646799147E-16,-1.));
#1784 = ADVANCED_FACE('',(#1785),#1796,.T.);
#1785 = FACE_BOUND('',#1786,.T.);
#1786 = EDGE_LOOP('',(#1787,#1788,#1789,#1795));
#1787 = ORIENTED_EDGE('',*,*,#1313,.F.);
#1788 = ORIENTED_EDGE('',*,*,#1085,.T.);
#1789 = ORIENTED_EDGE('',*,*,#1790,.T.);
#1790 = EDGE_CURVE('',#1086,#1441,#1791,.T.);
#1791 = LINE('',#1792,#1793);
#1792 = CARTESIAN_POINT('',(7.7,4.8,4.7));
#1793 = VECTOR('',#1794,1.);
#1794 = DIRECTION('',(0.,-1.224646799147E-16,-1.));
#1795 = ORIENTED_EDGE('',*,*,#1448,.F.);
#1796 = PLANE('',#1797);
#1797 = AXIS2_PLACEMENT_3D('',#1798,#1799,#1800);
#1798 = CARTESIAN_POINT('',(7.7,7.,4.7));
#1799 = DIRECTION('',(1.,0.,0.));
#1800 = DIRECTION('',(0.,-1.224646799147E-16,-1.));
#1801 = ADVANCED_FACE('',(#1802),#1808,.T.);
#1802 = FACE_BOUND('',#1803,.T.);
#1803 = EDGE_LOOP('',(#1804,#1805,#1806,#1807));
#1804 = ORIENTED_EDGE('',*,*,#1093,.F.);
#1805 = ORIENTED_EDGE('',*,*,#1773,.T.);
#1806 = ORIENTED_EDGE('',*,*,#1440,.T.);
#1807 = ORIENTED_EDGE('',*,*,#1790,.F.);
#1808 = PLANE('',#1809);
#1809 = AXIS2_PLACEMENT_3D('',#1810,#1811,#1812);
#1810 = CARTESIAN_POINT('',(5.1,4.8,4.7));
#1811 = DIRECTION('',(0.,-1.,1.224646799147E-16));
#1812 = DIRECTION('',(0.,-1.224646799147E-16,-1.));
#1813 = ADVANCED_FACE('',(#1814),#1830,.F.);
#1814 = FACE_BOUND('',#1815,.F.);
#1815 = EDGE_LOOP('',(#1816,#1817,#1823,#1824));
#1816 = ORIENTED_EDGE('',*,*,#1123,.F.);
#1817 = ORIENTED_EDGE('',*,*,#1818,.T.);
#1818 = EDGE_CURVE('',#1114,#1457,#1819,.T.);
#1819 = LINE('',#1820,#1821);
#1820 = CARTESIAN_POINT('',(9.6,7.,4.7));
#1821 = VECTOR('',#1822,1.);
#1822 = DIRECTION('',(0.,-1.224646799147E-16,-1.));
#1823 = ORIENTED_EDGE('',*,*,#1456,.T.);
#1824 = ORIENTED_EDGE('',*,*,#1825,.F.);
#1825 = EDGE_CURVE('',#1124,#1459,#1826,.T.);
#1826 = LINE('',#1827,#1828);
#1827 = CARTESIAN_POINT('',(12.2,7.,4.7));
#1828 = VECTOR('',#1829,1.);
#1829 = DIRECTION('',(0.,-1.224646799147E-16,-1.));
#1830 = PLANE('',#1831);
#1831 = AXIS2_PLACEMENT_3D('',#1832,#1833,#1834);
#1832 = CARTESIAN_POINT('',(9.6,7.,4.7));
#1833 = DIRECTION('',(0.,-1.,1.224646799147E-16));
#1834 = DIRECTION('',(0.,-1.224646799147E-16,-1.));
#1835 = ADVANCED_FACE('',(#1836),#1847,.F.);
#1836 = FACE_BOUND('',#1837,.F.);
#1837 = EDGE_LOOP('',(#1838,#1839,#1840,#1846));
#1838 = ORIENTED_EDGE('',*,*,#1818,.F.);
#1839 = ORIENTED_EDGE('',*,*,#1113,.T.);
#1840 = ORIENTED_EDGE('',*,*,#1841,.T.);
#1841 = EDGE_CURVE('',#1116,#1467,#1842,.T.);
#1842 = LINE('',#1843,#1844);
#1843 = CARTESIAN_POINT('',(9.6,4.8,4.7));
#1844 = VECTOR('',#1845,1.);
#1845 = DIRECTION('',(0.,-1.224646799147E-16,-1.));
#1846 = ORIENTED_EDGE('',*,*,#1466,.F.);
#1847 = PLANE('',#1848);
#1848 = AXIS2_PLACEMENT_3D('',#1849,#1850,#1851);
#1849 = CARTESIAN_POINT('',(9.6,7.,4.7));
#1850 = DIRECTION('',(1.,0.,0.));
#1851 = DIRECTION('',(0.,-1.224646799147E-16,-1.));
#1852 = ADVANCED_FACE('',(#1853),#1864,.T.);
#1853 = FACE_BOUND('',#1854,.T.);
#1854 = EDGE_LOOP('',(#1855,#1856,#1857,#1863));
#1855 = ORIENTED_EDGE('',*,*,#1825,.F.);
#1856 = ORIENTED_EDGE('',*,*,#1131,.T.);
#1857 = ORIENTED_EDGE('',*,*,#1858,.T.);
#1858 = EDGE_CURVE('',#1132,#1475,#1859,.T.);
#1859 = LINE('',#1860,#1861);
#1860 = CARTESIAN_POINT('',(12.2,4.8,4.7));
#1861 = VECTOR('',#1862,1.);
#1862 = DIRECTION('',(0.,-1.224646799147E-16,-1.));
#1863 = ORIENTED_EDGE('',*,*,#1482,.F.);
#1864 = PLANE('',#1865);
#1865 = AXIS2_PLACEMENT_3D('',#1866,#1867,#1868);
#1866 = CARTESIAN_POINT('',(12.2,7.,4.7));
#1867 = DIRECTION('',(1.,0.,0.));
#1868 = DIRECTION('',(0.,-1.224646799147E-16,-1.));
#1869 = ADVANCED_FACE('',(#1870),#1876,.T.);
#1870 = FACE_BOUND('',#1871,.T.);
#1871 = EDGE_LOOP('',(#1872,#1873,#1874,#1875));
#1872 = ORIENTED_EDGE('',*,*,#1139,.F.);
#1873 = ORIENTED_EDGE('',*,*,#1841,.T.);
#1874 = ORIENTED_EDGE('',*,*,#1474,.T.);
#1875 = ORIENTED_EDGE('',*,*,#1858,.F.);
#1876 = PLANE('',#1877);
#1877 = AXIS2_PLACEMENT_3D('',#1878,#1879,#1880);
#1878 = CARTESIAN_POINT('',(9.6,4.8,4.7));
#1879 = DIRECTION('',(0.,-1.,1.224646799147E-16));
#1880 = DIRECTION('',(0.,-1.224646799147E-16,-1.));
#1881 = ADVANCED_FACE('',(#1882),#1893,.T.);
#1882 = FACE_BOUND('',#1883,.T.);
#1883 = EDGE_LOOP('',(#1884,#1885,#1891,#1892));
#1884 = ORIENTED_EDGE('',*,*,#1490,.F.);
#1885 = ORIENTED_EDGE('',*,*,#1886,.F.);
#1886 = EDGE_CURVE('',#1160,#1491,#1887,.T.);
#1887 = LINE('',#1888,#1889);
#1888 = CARTESIAN_POINT('',(19.9,6.9,5.7));
#1889 = VECTOR('',#1890,1.);
#1890 = DIRECTION('',(0.,-1.224646799147E-16,-1.));
#1891 = ORIENTED_EDGE('',*,*,#1159,.T.);
#1892 = ORIENTED_EDGE('',*,*,#1886,.T.);
#1893 = CYLINDRICAL_SURFACE('',#1894,3.);
#1894 = AXIS2_PLACEMENT_3D('',#1895,#1896,#1897);
#1895 = CARTESIAN_POINT('',(16.9,6.9,5.7));
#1896 = DIRECTION('',(0.,-1.224646799147E-16,-1.));
#1897 = DIRECTION('',(1.,0.,0.));
#1898 = ADVANCED_FACE('',(#1899),#1915,.F.);
#1899 = FACE_BOUND('',#1900,.F.);
#1900 = EDGE_LOOP('',(#1901,#1902,#1908,#1909));
#1901 = ORIENTED_EDGE('',*,*,#1189,.F.);
#1902 = ORIENTED_EDGE('',*,*,#1903,.T.);
#1903 = EDGE_CURVE('',#1180,#1502,#1904,.T.);
#1904 = LINE('',#1905,#1906);
#1905 = CARTESIAN_POINT('',(21.6,7.,4.7));
#1906 = VECTOR('',#1907,1.);
#1907 = DIRECTION('',(0.,-1.224646799147E-16,-1.));
#1908 = ORIENTED_EDGE('',*,*,#1501,.T.);
#1909 = ORIENTED_EDGE('',*,*,#1910,.F.);
#1910 = EDGE_CURVE('',#1190,#1504,#1911,.T.);
#1911 = LINE('',#1912,#1913);
#1912 = CARTESIAN_POINT('',(24.2,7.,4.7));
#1913 = VECTOR('',#1914,1.);
#1914 = DIRECTION('',(0.,-1.224646799147E-16,-1.));
#1915 = PLANE('',#1916);
#1916 = AXIS2_PLACEMENT_3D('',#1917,#1918,#1919);
#1917 = CARTESIAN_POINT('',(21.6,7.,4.7));
#1918 = DIRECTION('',(0.,-1.,1.224646799147E-16));
#1919 = DIRECTION('',(0.,-1.224646799147E-16,-1.));
#1920 = ADVANCED_FACE('',(#1921),#1932,.F.);
#1921 = FACE_BOUND('',#1922,.F.);
#1922 = EDGE_LOOP('',(#1923,#1924,#1925,#1931));
#1923 = ORIENTED_EDGE('',*,*,#1903,.F.);
#1924 = ORIENTED_EDGE('',*,*,#1179,.T.);
#1925 = ORIENTED_EDGE('',*,*,#1926,.T.);
#1926 = EDGE_CURVE('',#1182,#1512,#1927,.T.);
#1927 = LINE('',#1928,#1929);
#1928 = CARTESIAN_POINT('',(21.6,4.8,4.7));
#1929 = VECTOR('',#1930,1.);
#1930 = DIRECTION('',(0.,-1.224646799147E-16,-1.));
#1931 = ORIENTED_EDGE('',*,*,#1511,.F.);
#1932 = PLANE('',#1933);
#1933 = AXIS2_PLACEMENT_3D('',#1934,#1935,#1936);
#1934 = CARTESIAN_POINT('',(21.6,7.,4.7));
#1935 = DIRECTION('',(1.,0.,0.));
#1936 = DIRECTION('',(0.,-1.224646799147E-16,-1.));
#1937 = ADVANCED_FACE('',(#1938),#1949,.T.);
#1938 = FACE_BOUND('',#1939,.T.);
#1939 = EDGE_LOOP('',(#1940,#1941,#1942,#1948));
#1940 = ORIENTED_EDGE('',*,*,#1910,.F.);
#1941 = ORIENTED_EDGE('',*,*,#1197,.T.);
#1942 = ORIENTED_EDGE('',*,*,#1943,.T.);
#1943 = EDGE_CURVE('',#1198,#1520,#1944,.T.);
#1944 = LINE('',#1945,#1946);
#1945 = CARTESIAN_POINT('',(24.2,4.8,4.7));
#1946 = VECTOR('',#1947,1.);
#1947 = DIRECTION('',(0.,-1.224646799147E-16,-1.));
#1948 = ORIENTED_EDGE('',*,*,#1527,.F.);
#1949 = PLANE('',#1950);
#1950 = AXIS2_PLACEMENT_3D('',#1951,#1952,#1953);
#1951 = CARTESIAN_POINT('',(24.2,7.,4.7));
#1952 = DIRECTION('',(1.,0.,0.));
#1953 = DIRECTION('',(0.,-1.224646799147E-16,-1.));
#1954 = ADVANCED_FACE('',(#1955),#1961,.T.);
#1955 = FACE_BOUND('',#1956,.T.);
#1956 = EDGE_LOOP('',(#1957,#1958,#1959,#1960));
#1957 = ORIENTED_EDGE('',*,*,#1205,.F.);
#1958 = ORIENTED_EDGE('',*,*,#1926,.T.);
#1959 = ORIENTED_EDGE('',*,*,#1519,.T.);
#1960 = ORIENTED_EDGE('',*,*,#1943,.F.);
#1961 = PLANE('',#1962);
#1962 = AXIS2_PLACEMENT_3D('',#1963,#1964,#1965);
#1963 = CARTESIAN_POINT('',(21.6,4.8,4.7));
#1964 = DIRECTION('',(0.,-1.,1.224646799147E-16));
#1965 = DIRECTION('',(0.,-1.224646799147E-16,-1.));
#1966 = ADVANCED_FACE('',(#1967),#1983,.F.);
#1967 = FACE_BOUND('',#1968,.F.);
#1968 = EDGE_LOOP('',(#1969,#1970,#1976,#1977));
#1969 = ORIENTED_EDGE('',*,*,#1235,.F.);
#1970 = ORIENTED_EDGE('',*,*,#1971,.T.);
#1971 = EDGE_CURVE('',#1226,#1536,#1972,.T.);
#1972 = LINE('',#1973,#1974);
#1973 = CARTESIAN_POINT('',(26.1,7.,4.7));
#1974 = VECTOR('',#1975,1.);
#1975 = DIRECTION('',(0.,-1.224646799147E-16,-1.));
#1976 = ORIENTED_EDGE('',*,*,#1535,.T.);
#1977 = ORIENTED_EDGE('',*,*,#1978,.F.);
#1978 = EDGE_CURVE('',#1236,#1538,#1979,.T.);
#1979 = LINE('',#1980,#1981);
#1980 = CARTESIAN_POINT('',(28.7,7.,4.7));
#1981 = VECTOR('',#1982,1.);
#1982 = DIRECTION('',(0.,-1.224646799147E-16,-1.));
#1983 = PLANE('',#1984);
#1984 = AXIS2_PLACEMENT_3D('',#1985,#1986,#1987);
#1985 = CARTESIAN_POINT('',(26.1,7.,4.7));
#1986 = DIRECTION('',(0.,-1.,1.224646799147E-16));
#1987 = DIRECTION('',(0.,-1.224646799147E-16,-1.));
#1988 = ADVANCED_FACE('',(#1989),#2000,.F.);
#1989 = FACE_BOUND('',#1990,.F.);
#1990 = EDGE_LOOP('',(#1991,#1992,#1993,#1999));
#1991 = ORIENTED_EDGE('',*,*,#1971,.F.);
#1992 = ORIENTED_EDGE('',*,*,#1225,.T.);
#1993 = ORIENTED_EDGE('',*,*,#1994,.T.);
#1994 = EDGE_CURVE('',#1228,#1546,#1995,.T.);
#1995 = LINE('',#1996,#1997);
#1996 = CARTESIAN_POINT('',(26.1,4.8,4.7));
#1997 = VECTOR('',#1998,1.);
#1998 = DIRECTION('',(0.,-1.224646799147E-16,-1.));
#1999 = ORIENTED_EDGE('',*,*,#1545,.F.);
#2000 = PLANE('',#2001);
#2001 = AXIS2_PLACEMENT_3D('',#2002,#2003,#2004);
#2002 = CARTESIAN_POINT('',(26.1,7.,4.7));
#2003 = DIRECTION('',(1.,0.,0.));
#2004 = DIRECTION('',(0.,-1.224646799147E-16,-1.));
#2005 = ADVANCED_FACE('',(#2006),#2017,.T.);
#2006 = FACE_BOUND('',#2007,.T.);
#2007 = EDGE_LOOP('',(#2008,#2009,#2010,#2016));
#2008 = ORIENTED_EDGE('',*,*,#1978,.F.);
#2009 = ORIENTED_EDGE('',*,*,#1243,.T.);
#2010 = ORIENTED_EDGE('',*,*,#2011,.T.);
#2011 = EDGE_CURVE('',#1244,#1554,#2012,.T.);
#2012 = LINE('',#2013,#2014);
#2013 = CARTESIAN_POINT('',(28.7,4.8,4.7));
#2014 = VECTOR('',#2015,1.);
#2015 = DIRECTION('',(0.,-1.224646799147E-16,-1.));
#2016 = ORIENTED_EDGE('',*,*,#1561,.F.);
#2017 = PLANE('',#2018);
#2018 = AXIS2_PLACEMENT_3D('',#2019,#2020,#2021);
#2019 = CARTESIAN_POINT('',(28.7,7.,4.7));
#2020 = DIRECTION('',(1.,0.,0.));
#2021 = DIRECTION('',(0.,-1.224646799147E-16,-1.));
#2022 = ADVANCED_FACE('',(#2023),#2029,.T.);
#2023 = FACE_BOUND('',#2024,.T.);
#2024 = EDGE_LOOP('',(#2025,#2026,#2027,#2028));
#2025 = ORIENTED_EDGE('',*,*,#1251,.F.);
#2026 = ORIENTED_EDGE('',*,*,#1994,.T.);
#2027 = ORIENTED_EDGE('',*,*,#1553,.T.);
#2028 = ORIENTED_EDGE('',*,*,#2011,.F.);
#2029 = PLANE('',#2030);
#2030 = AXIS2_PLACEMENT_3D('',#2031,#2032,#2033);
#2031 = CARTESIAN_POINT('',(26.1,4.8,4.7));
#2032 = DIRECTION('',(0.,-1.,1.224646799147E-16));
#2033 = DIRECTION('',(0.,-1.224646799147E-16,-1.));
#2034 = ADVANCED_FACE('',(#2035),#2038,.F.);
#2035 = FACE_BOUND('',#2036,.T.);
#2036 = EDGE_LOOP('',(#2037));
#2037 = ORIENTED_EDGE('',*,*,#1280,.F.);
#2038 = PLANE('',#2039);
#2039 = AXIS2_PLACEMENT_3D('',#2040,#2041,#2042);
#2040 = CARTESIAN_POINT('',(25.9,28.4,4.));
#2041 = DIRECTION('',(0.,-1.224646799147E-16,-1.));
#2042 = DIRECTION('',(1.,0.,0.));
#2043 = ADVANCED_FACE('',(#2044,#2054,#2156,#2166),#2177,.F.);
#2044 = FACE_BOUND('',#2045,.T.);
#2045 = EDGE_LOOP('',(#2046,#2047,#2048,#2049,#2050,#2051,#2052,#2053));
#2046 = ORIENTED_EDGE('',*,*,#39,.T.);
#2047 = ORIENTED_EDGE('',*,*,#377,.T.);
#2048 = ORIENTED_EDGE('',*,*,#426,.T.);
#2049 = ORIENTED_EDGE('',*,*,#475,.F.);
#2050 = ORIENTED_EDGE('',*,*,#502,.F.);
#2051 = ORIENTED_EDGE('',*,*,#450,.T.);
#2052 = ORIENTED_EDGE('',*,*,#402,.F.);
#2053 = ORIENTED_EDGE('',*,*,#352,.F.);
#2054 = FACE_BOUND('',#2055,.F.);
#2055 = EDGE_LOOP('',(#2056,#2066,#2075,#2083,#2092,#2100,#2108,#2116,
    #2125,#2133,#2142,#2150));
#2056 = ORIENTED_EDGE('',*,*,#2057,.T.);
#2057 = EDGE_CURVE('',#2058,#2060,#2062,.T.);
#2058 = VERTEX_POINT('',#2059);
#2059 = CARTESIAN_POINT('',(0.7,51.4,5.7));
#2060 = VERTEX_POINT('',#2061);
#2061 = CARTESIAN_POINT('',(0.7,4.9,5.7));
#2062 = LINE('',#2063,#2064);
#2063 = CARTESIAN_POINT('',(0.7,58.1,5.7));
#2064 = VECTOR('',#2065,1.);
#2065 = DIRECTION('',(0.,-1.,1.224646799147E-16));
#2066 = ORIENTED_EDGE('',*,*,#2067,.F.);
#2067 = EDGE_CURVE('',#2068,#2060,#2070,.T.);
#2068 = VERTEX_POINT('',#2069);
#2069 = CARTESIAN_POINT('',(4.9,0.7,5.7));
#2070 = CIRCLE('',#2071,4.2);
#2071 = AXIS2_PLACEMENT_3D('',#2072,#2073,#2074);
#2072 = CARTESIAN_POINT('',(4.9,4.9,5.7));
#2073 = DIRECTION('',(0.,-1.224646799147E-16,-1.));
#2074 = DIRECTION('',(-1.,0.,-0.));
#2075 = ORIENTED_EDGE('',*,*,#2076,.F.);
#2076 = EDGE_CURVE('',#2077,#2068,#2079,.T.);
#2077 = VERTEX_POINT('',#2078);
#2078 = CARTESIAN_POINT('',(28.9,0.7,5.7));
#2079 = LINE('',#2080,#2081);
#2080 = CARTESIAN_POINT('',(0.35,0.7,5.7));
#2081 = VECTOR('',#2082,1.);
#2082 = DIRECTION('',(-1.,0.,-0.));
#2083 = ORIENTED_EDGE('',*,*,#2084,.F.);
#2084 = EDGE_CURVE('',#2085,#2077,#2087,.T.);
#2085 = VERTEX_POINT('',#2086);
#2086 = CARTESIAN_POINT('',(33.1,4.9,5.7));
#2087 = CIRCLE('',#2088,4.2);
#2088 = AXIS2_PLACEMENT_3D('',#2089,#2090,#2091);
#2089 = CARTESIAN_POINT('',(28.9,4.9,5.7));
#2090 = DIRECTION('',(0.,-1.224646799147E-16,-1.));
#2091 = DIRECTION('',(1.,0.,0.));
#2092 = ORIENTED_EDGE('',*,*,#2093,.F.);
#2093 = EDGE_CURVE('',#2094,#2085,#2096,.T.);
#2094 = VERTEX_POINT('',#2095);
#2095 = CARTESIAN_POINT('',(33.1,51.4,5.7));
#2096 = LINE('',#2097,#2098);
#2097 = CARTESIAN_POINT('',(33.1,58.1,5.7));
#2098 = VECTOR('',#2099,1.);
#2099 = DIRECTION('',(0.,-1.,1.224646799147E-16));
#2100 = ORIENTED_EDGE('',*,*,#2101,.T.);
#2101 = EDGE_CURVE('',#2094,#2102,#2104,.T.);
#2102 = VERTEX_POINT('',#2103);
#2103 = CARTESIAN_POINT('',(32.2,51.4,5.7));
#2104 = LINE('',#2105,#2106);
#2105 = CARTESIAN_POINT('',(-4.05,51.4,5.7));
#2106 = VECTOR('',#2107,1.);
#2107 = DIRECTION('',(-1.,0.,-0.));
#2108 = ORIENTED_EDGE('',*,*,#2109,.T.);
#2109 = EDGE_CURVE('',#2102,#2110,#2112,.T.);
#2110 = VERTEX_POINT('',#2111);
#2111 = CARTESIAN_POINT('',(32.2,4.9,5.7));
#2112 = LINE('',#2113,#2114);
#2113 = CARTESIAN_POINT('',(32.2,57.65,5.7));
#2114 = VECTOR('',#2115,1.);
#2115 = DIRECTION('',(0.,-1.,1.224646799147E-16));
#2116 = ORIENTED_EDGE('',*,*,#2117,.T.);
#2117 = EDGE_CURVE('',#2110,#2118,#2120,.T.);
#2118 = VERTEX_POINT('',#2119);
#2119 = CARTESIAN_POINT('',(28.9,1.6,5.7));
#2120 = CIRCLE('',#2121,3.3);
#2121 = AXIS2_PLACEMENT_3D('',#2122,#2123,#2124);
#2122 = CARTESIAN_POINT('',(28.9,4.9,5.7));
#2123 = DIRECTION('',(0.,-1.224646799147E-16,-1.));
#2124 = DIRECTION('',(1.,0.,0.));
#2125 = ORIENTED_EDGE('',*,*,#2126,.T.);
#2126 = EDGE_CURVE('',#2118,#2127,#2129,.T.);
#2127 = VERTEX_POINT('',#2128);
#2128 = CARTESIAN_POINT('',(4.9,1.6,5.7));
#2129 = LINE('',#2130,#2131);
#2130 = CARTESIAN_POINT('',(0.8,1.6,5.7));
#2131 = VECTOR('',#2132,1.);
#2132 = DIRECTION('',(-1.,0.,-0.));
#2133 = ORIENTED_EDGE('',*,*,#2134,.T.);
#2134 = EDGE_CURVE('',#2127,#2135,#2137,.T.);
#2135 = VERTEX_POINT('',#2136);
#2136 = CARTESIAN_POINT('',(1.6,4.9,5.7));
#2137 = CIRCLE('',#2138,3.3);
#2138 = AXIS2_PLACEMENT_3D('',#2139,#2140,#2141);
#2139 = CARTESIAN_POINT('',(4.9,4.9,5.7));
#2140 = DIRECTION('',(0.,-1.224646799147E-16,-1.));
#2141 = DIRECTION('',(-1.,0.,-0.));
#2142 = ORIENTED_EDGE('',*,*,#2143,.F.);
#2143 = EDGE_CURVE('',#2144,#2135,#2146,.T.);
#2144 = VERTEX_POINT('',#2145);
#2145 = CARTESIAN_POINT('',(1.6,51.4,5.7));
#2146 = LINE('',#2147,#2148);
#2147 = CARTESIAN_POINT('',(1.6,57.65,5.7));
#2148 = VECTOR('',#2149,1.);
#2149 = DIRECTION('',(0.,-1.,1.224646799147E-16));
#2150 = ORIENTED_EDGE('',*,*,#2151,.T.);
#2151 = EDGE_CURVE('',#2144,#2058,#2152,.T.);
#2152 = LINE('',#2153,#2154);
#2153 = CARTESIAN_POINT('',(-4.05,51.4,5.7));
#2154 = VECTOR('',#2155,1.);
#2155 = DIRECTION('',(-1.,0.,-0.));
#2156 = FACE_BOUND('',#2157,.F.);
#2157 = EDGE_LOOP('',(#2158,#2159,#2160,#2161,#2162,#2163,#2164,#2165));
#2158 = ORIENTED_EDGE('',*,*,#1756,.T.);
#2159 = ORIENTED_EDGE('',*,*,#1737,.F.);
#2160 = ORIENTED_EDGE('',*,*,#1705,.F.);
#2161 = ORIENTED_EDGE('',*,*,#1681,.F.);
#2162 = ORIENTED_EDGE('',*,*,#1658,.F.);
#2163 = ORIENTED_EDGE('',*,*,#1639,.F.);
#2164 = ORIENTED_EDGE('',*,*,#1607,.T.);
#2165 = ORIENTED_EDGE('',*,*,#1583,.F.);
#2166 = FACE_BOUND('',#2167,.F.);
#2167 = EDGE_LOOP('',(#2168));
#2168 = ORIENTED_EDGE('',*,*,#2169,.F.);
#2169 = EDGE_CURVE('',#2170,#2170,#2172,.T.);
#2170 = VERTEX_POINT('',#2171);
#2171 = CARTESIAN_POINT('',(17.75,57.6,5.7));
#2172 = CIRCLE('',#2173,0.85);
#2173 = AXIS2_PLACEMENT_3D('',#2174,#2175,#2176);
#2174 = CARTESIAN_POINT('',(16.9,57.6,5.7));
#2175 = DIRECTION('',(0.,-1.224646799147E-16,-1.));
#2176 = DIRECTION('',(1.,0.,0.));
#2177 = PLANE('',#2178);
#2178 = AXIS2_PLACEMENT_3D('',#2179,#2180,#2181);
#2179 = CARTESIAN_POINT('',(1.110223024625E-15,60.6,5.7));
#2180 = DIRECTION('',(0.,-1.224646799147E-16,-1.));
#2181 = DIRECTION('',(1.,0.,0.));
#2182 = ADVANCED_FACE('',(#2183),#2208,.T.);
#2183 = FACE_BOUND('',#2184,.T.);
#2184 = EDGE_LOOP('',(#2185,#2193,#2194,#2202));
#2185 = ORIENTED_EDGE('',*,*,#2186,.F.);
#2186 = EDGE_CURVE('',#2094,#2187,#2189,.T.);
#2187 = VERTEX_POINT('',#2188);
#2188 = CARTESIAN_POINT('',(33.1,51.4,4.75));
#2189 = LINE('',#2190,#2191);
#2190 = CARTESIAN_POINT('',(33.1,51.4,6.7));
#2191 = VECTOR('',#2192,1.);
#2192 = DIRECTION('',(0.,-1.224646799147E-16,-1.));
#2193 = ORIENTED_EDGE('',*,*,#2101,.T.);
#2194 = ORIENTED_EDGE('',*,*,#2195,.T.);
#2195 = EDGE_CURVE('',#2102,#2196,#2198,.T.);
#2196 = VERTEX_POINT('',#2197);
#2197 = CARTESIAN_POINT('',(32.2,51.4,4.75));
#2198 = LINE('',#2199,#2200);
#2199 = CARTESIAN_POINT('',(32.2,51.4,7.7));
#2200 = VECTOR('',#2201,1.);
#2201 = DIRECTION('',(0.,-1.224646799147E-16,-1.));
#2202 = ORIENTED_EDGE('',*,*,#2203,.F.);
#2203 = EDGE_CURVE('',#2187,#2196,#2204,.T.);
#2204 = LINE('',#2205,#2206);
#2205 = CARTESIAN_POINT('',(-3.7,51.4,4.75));
#2206 = VECTOR('',#2207,1.);
#2207 = DIRECTION('',(-1.,0.,-0.));
#2208 = PLANE('',#2209);
#2209 = AXIS2_PLACEMENT_3D('',#2210,#2211,#2212);
#2210 = CARTESIAN_POINT('',(-8.1,51.4,7.7));
#2211 = DIRECTION('',(0.,-1.,1.224646799147E-16));
#2212 = DIRECTION('',(0.,-1.224646799147E-16,-1.));
#2213 = ADVANCED_FACE('',(#2214),#2232,.F.);
#2214 = FACE_BOUND('',#2215,.F.);
#2215 = EDGE_LOOP('',(#2216,#2224,#2225,#2226));
#2216 = ORIENTED_EDGE('',*,*,#2217,.F.);
#2217 = EDGE_CURVE('',#2187,#2218,#2220,.T.);
#2218 = VERTEX_POINT('',#2219);
#2219 = CARTESIAN_POINT('',(33.1,4.9,4.75));
#2220 = LINE('',#2221,#2222);
#2221 = CARTESIAN_POINT('',(33.1,55.6,4.75));
#2222 = VECTOR('',#2223,1.);
#2223 = DIRECTION('',(0.,-1.,1.224646799147E-16));
#2224 = ORIENTED_EDGE('',*,*,#2186,.F.);
#2225 = ORIENTED_EDGE('',*,*,#2093,.T.);
#2226 = ORIENTED_EDGE('',*,*,#2227,.T.);
#2227 = EDGE_CURVE('',#2085,#2218,#2228,.T.);
#2228 = LINE('',#2229,#2230);
#2229 = CARTESIAN_POINT('',(33.1,4.9,6.7));
#2230 = VECTOR('',#2231,1.);
#2231 = DIRECTION('',(0.,-1.224646799147E-16,-1.));
#2232 = PLANE('',#2233);
#2233 = AXIS2_PLACEMENT_3D('',#2234,#2235,#2236);
#2234 = CARTESIAN_POINT('',(33.1,55.6,6.7));
#2235 = DIRECTION('',(1.,0.,0.));
#2236 = DIRECTION('',(0.,-1.224646799147E-16,-1.));
#2237 = ADVANCED_FACE('',(#2238),#2257,.F.);
#2238 = FACE_BOUND('',#2239,.F.);
#2239 = EDGE_LOOP('',(#2240,#2241,#2242,#2250));
#2240 = ORIENTED_EDGE('',*,*,#2227,.F.);
#2241 = ORIENTED_EDGE('',*,*,#2084,.T.);
#2242 = ORIENTED_EDGE('',*,*,#2243,.T.);
#2243 = EDGE_CURVE('',#2077,#2244,#2246,.T.);
#2244 = VERTEX_POINT('',#2245);
#2245 = CARTESIAN_POINT('',(28.9,0.7,4.75));
#2246 = LINE('',#2247,#2248);
#2247 = CARTESIAN_POINT('',(28.9,0.7,6.7));
#2248 = VECTOR('',#2249,1.);
#2249 = DIRECTION('',(0.,-1.224646799147E-16,-1.));
#2250 = ORIENTED_EDGE('',*,*,#2251,.F.);
#2251 = EDGE_CURVE('',#2218,#2244,#2252,.T.);
#2252 = CIRCLE('',#2253,4.2);
#2253 = AXIS2_PLACEMENT_3D('',#2254,#2255,#2256);
#2254 = CARTESIAN_POINT('',(28.9,4.9,4.75));
#2255 = DIRECTION('',(0.,-1.224646799147E-16,-1.));
#2256 = DIRECTION('',(0.,1.,-1.224646799147E-16));
#2257 = CYLINDRICAL_SURFACE('',#2258,4.2);
#2258 = AXIS2_PLACEMENT_3D('',#2259,#2260,#2261);
#2259 = CARTESIAN_POINT('',(28.9,4.9,6.7));
#2260 = DIRECTION('',(0.,-1.224646799147E-16,-1.));
#2261 = DIRECTION('',(1.,0.,0.));
#2262 = ADVANCED_FACE('',(#2263),#2288,.T.);
#2263 = FACE_BOUND('',#2264,.T.);
#2264 = EDGE_LOOP('',(#2265,#2273,#2274,#2282));
#2265 = ORIENTED_EDGE('',*,*,#2266,.F.);
#2266 = EDGE_CURVE('',#2144,#2267,#2269,.T.);
#2267 = VERTEX_POINT('',#2268);
#2268 = CARTESIAN_POINT('',(1.6,51.4,4.75));
#2269 = LINE('',#2270,#2271);
#2270 = CARTESIAN_POINT('',(1.6,51.4,7.7));
#2271 = VECTOR('',#2272,1.);
#2272 = DIRECTION('',(0.,-1.224646799147E-16,-1.));
#2273 = ORIENTED_EDGE('',*,*,#2151,.T.);
#2274 = ORIENTED_EDGE('',*,*,#2275,.T.);
#2275 = EDGE_CURVE('',#2058,#2276,#2278,.T.);
#2276 = VERTEX_POINT('',#2277);
#2277 = CARTESIAN_POINT('',(0.7,51.4,4.75));
#2278 = LINE('',#2279,#2280);
#2279 = CARTESIAN_POINT('',(0.7,51.4,6.7));
#2280 = VECTOR('',#2281,1.);
#2281 = DIRECTION('',(0.,-1.224646799147E-16,-1.));
#2282 = ORIENTED_EDGE('',*,*,#2283,.F.);
#2283 = EDGE_CURVE('',#2267,#2276,#2284,.T.);
#2284 = LINE('',#2285,#2286);
#2285 = CARTESIAN_POINT('',(-3.7,51.4,4.75));
#2286 = VECTOR('',#2287,1.);
#2287 = DIRECTION('',(-1.,0.,-0.));
#2288 = PLANE('',#2289);
#2289 = AXIS2_PLACEMENT_3D('',#2290,#2291,#2292);
#2290 = CARTESIAN_POINT('',(-8.1,51.4,7.7));
#2291 = DIRECTION('',(0.,-1.,1.224646799147E-16));
#2292 = DIRECTION('',(0.,-1.224646799147E-16,-1.));
#2293 = ADVANCED_FACE('',(#2294),#2312,.T.);
#2294 = FACE_BOUND('',#2295,.T.);
#2295 = EDGE_LOOP('',(#2296,#2304,#2305,#2306));
#2296 = ORIENTED_EDGE('',*,*,#2297,.F.);
#2297 = EDGE_CURVE('',#2276,#2298,#2300,.T.);
#2298 = VERTEX_POINT('',#2299);
#2299 = CARTESIAN_POINT('',(0.7,4.9,4.75));
#2300 = LINE('',#2301,#2302);
#2301 = CARTESIAN_POINT('',(0.7,55.6,4.75));
#2302 = VECTOR('',#2303,1.);
#2303 = DIRECTION('',(0.,-1.,1.224646799147E-16));
#2304 = ORIENTED_EDGE('',*,*,#2275,.F.);
#2305 = ORIENTED_EDGE('',*,*,#2057,.T.);
#2306 = ORIENTED_EDGE('',*,*,#2307,.T.);
#2307 = EDGE_CURVE('',#2060,#2298,#2308,.T.);
#2308 = LINE('',#2309,#2310);
#2309 = CARTESIAN_POINT('',(0.7,4.9,6.7));
#2310 = VECTOR('',#2311,1.);
#2311 = DIRECTION('',(0.,-1.224646799147E-16,-1.));
#2312 = PLANE('',#2313);
#2313 = AXIS2_PLACEMENT_3D('',#2314,#2315,#2316);
#2314 = CARTESIAN_POINT('',(0.7,55.6,6.7));
#2315 = DIRECTION('',(1.,0.,0.));
#2316 = DIRECTION('',(0.,-1.224646799147E-16,-1.));
#2317 = ADVANCED_FACE('',(#2318),#2337,.F.);
#2318 = FACE_BOUND('',#2319,.T.);
#2319 = EDGE_LOOP('',(#2320,#2321,#2322,#2330));
#2320 = ORIENTED_EDGE('',*,*,#2307,.F.);
#2321 = ORIENTED_EDGE('',*,*,#2067,.F.);
#2322 = ORIENTED_EDGE('',*,*,#2323,.T.);
#2323 = EDGE_CURVE('',#2068,#2324,#2326,.T.);
#2324 = VERTEX_POINT('',#2325);
#2325 = CARTESIAN_POINT('',(4.9,0.7,4.75));
#2326 = LINE('',#2327,#2328);
#2327 = CARTESIAN_POINT('',(4.9,0.7,6.7));
#2328 = VECTOR('',#2329,1.);
#2329 = DIRECTION('',(0.,-1.224646799147E-16,-1.));
#2330 = ORIENTED_EDGE('',*,*,#2331,.F.);
#2331 = EDGE_CURVE('',#2298,#2324,#2332,.T.);
#2332 = CIRCLE('',#2333,4.2);
#2333 = AXIS2_PLACEMENT_3D('',#2334,#2335,#2336);
#2334 = CARTESIAN_POINT('',(4.9,4.9,4.75));
#2335 = DIRECTION('',(0.,1.224646799147E-16,1.));
#2336 = DIRECTION('',(0.,1.,-1.224646799147E-16));
#2337 = CYLINDRICAL_SURFACE('',#2338,4.2);
#2338 = AXIS2_PLACEMENT_3D('',#2339,#2340,#2341);
#2339 = CARTESIAN_POINT('',(4.9,4.9,6.7));
#2340 = DIRECTION('',(0.,-1.224646799147E-16,-1.));
#2341 = DIRECTION('',(-1.,0.,-0.));
#2342 = ADVANCED_FACE('',(#2343),#2354,.F.);
#2343 = FACE_BOUND('',#2344,.F.);
#2344 = EDGE_LOOP('',(#2345,#2346,#2347,#2353));
#2345 = ORIENTED_EDGE('',*,*,#2076,.T.);
#2346 = ORIENTED_EDGE('',*,*,#2323,.T.);
#2347 = ORIENTED_EDGE('',*,*,#2348,.T.);
#2348 = EDGE_CURVE('',#2324,#2244,#2349,.T.);
#2349 = LINE('',#2350,#2351);
#2350 = CARTESIAN_POINT('',(0.7,0.7,4.75));
#2351 = VECTOR('',#2352,1.);
#2352 = DIRECTION('',(1.,0.,0.));
#2353 = ORIENTED_EDGE('',*,*,#2243,.F.);
#2354 = PLANE('',#2355);
#2355 = AXIS2_PLACEMENT_3D('',#2356,#2357,#2358);
#2356 = CARTESIAN_POINT('',(0.7,0.7,6.7));
#2357 = DIRECTION('',(0.,-1.,1.224646799147E-16));
#2358 = DIRECTION('',(0.,-1.224646799147E-16,-1.));
#2359 = ADVANCED_FACE('',(#2360),#2378,.F.);
#2360 = FACE_BOUND('',#2361,.F.);
#2361 = EDGE_LOOP('',(#2362,#2370,#2371,#2372));
#2362 = ORIENTED_EDGE('',*,*,#2363,.F.);
#2363 = EDGE_CURVE('',#2267,#2364,#2366,.T.);
#2364 = VERTEX_POINT('',#2365);
#2365 = CARTESIAN_POINT('',(1.6,4.9,4.75));
#2366 = LINE('',#2367,#2368);
#2367 = CARTESIAN_POINT('',(1.6,55.15,4.75));
#2368 = VECTOR('',#2369,1.);
#2369 = DIRECTION('',(0.,-1.,1.224646799147E-16));
#2370 = ORIENTED_EDGE('',*,*,#2266,.F.);
#2371 = ORIENTED_EDGE('',*,*,#2143,.T.);
#2372 = ORIENTED_EDGE('',*,*,#2373,.T.);
#2373 = EDGE_CURVE('',#2135,#2364,#2374,.T.);
#2374 = LINE('',#2375,#2376);
#2375 = CARTESIAN_POINT('',(1.6,4.9,7.7));
#2376 = VECTOR('',#2377,1.);
#2377 = DIRECTION('',(0.,-1.224646799147E-16,-1.));
#2378 = PLANE('',#2379);
#2379 = AXIS2_PLACEMENT_3D('',#2380,#2381,#2382);
#2380 = CARTESIAN_POINT('',(1.6,54.7,7.7));
#2381 = DIRECTION('',(1.,0.,0.));
#2382 = DIRECTION('',(0.,-1.224646799147E-16,-1.));
#2383 = ADVANCED_FACE('',(#2384),#2403,.T.);
#2384 = FACE_BOUND('',#2385,.F.);
#2385 = EDGE_LOOP('',(#2386,#2387,#2388,#2396));
#2386 = ORIENTED_EDGE('',*,*,#2373,.F.);
#2387 = ORIENTED_EDGE('',*,*,#2134,.F.);
#2388 = ORIENTED_EDGE('',*,*,#2389,.T.);
#2389 = EDGE_CURVE('',#2127,#2390,#2392,.T.);
#2390 = VERTEX_POINT('',#2391);
#2391 = CARTESIAN_POINT('',(4.9,1.6,4.75));
#2392 = LINE('',#2393,#2394);
#2393 = CARTESIAN_POINT('',(4.9,1.6,7.7));
#2394 = VECTOR('',#2395,1.);
#2395 = DIRECTION('',(0.,-1.224646799147E-16,-1.));
#2396 = ORIENTED_EDGE('',*,*,#2397,.T.);
#2397 = EDGE_CURVE('',#2390,#2364,#2398,.T.);
#2398 = CIRCLE('',#2399,3.3);
#2399 = AXIS2_PLACEMENT_3D('',#2400,#2401,#2402);
#2400 = CARTESIAN_POINT('',(4.9,4.9,4.75));
#2401 = DIRECTION('',(0.,-1.224646799147E-16,-1.));
#2402 = DIRECTION('',(-1.,0.,-0.));
#2403 = CYLINDRICAL_SURFACE('',#2404,3.3);
#2404 = AXIS2_PLACEMENT_3D('',#2405,#2406,#2407);
#2405 = CARTESIAN_POINT('',(4.9,4.9,7.7));
#2406 = DIRECTION('',(0.,-1.224646799147E-16,-1.));
#2407 = DIRECTION('',(-1.,0.,-0.));
#2408 = ADVANCED_FACE('',(#2409),#2427,.T.);
#2409 = FACE_BOUND('',#2410,.T.);
#2410 = EDGE_LOOP('',(#2411,#2419,#2420,#2421));
#2411 = ORIENTED_EDGE('',*,*,#2412,.F.);
#2412 = EDGE_CURVE('',#2118,#2413,#2415,.T.);
#2413 = VERTEX_POINT('',#2414);
#2414 = CARTESIAN_POINT('',(28.9,1.6,4.75));
#2415 = LINE('',#2416,#2417);
#2416 = CARTESIAN_POINT('',(28.9,1.6,7.7));
#2417 = VECTOR('',#2418,1.);
#2418 = DIRECTION('',(0.,-1.224646799147E-16,-1.));
#2419 = ORIENTED_EDGE('',*,*,#2126,.T.);
#2420 = ORIENTED_EDGE('',*,*,#2389,.T.);
#2421 = ORIENTED_EDGE('',*,*,#2422,.F.);
#2422 = EDGE_CURVE('',#2413,#2390,#2423,.T.);
#2423 = LINE('',#2424,#2425);
#2424 = CARTESIAN_POINT('',(1.15,1.6,4.75));
#2425 = VECTOR('',#2426,1.);
#2426 = DIRECTION('',(-1.,0.,-0.));
#2427 = PLANE('',#2428);
#2428 = AXIS2_PLACEMENT_3D('',#2429,#2430,#2431);
#2429 = CARTESIAN_POINT('',(1.6,1.6,7.7));
#2430 = DIRECTION('',(0.,-1.,1.224646799147E-16));
#2431 = DIRECTION('',(0.,-1.224646799147E-16,-1.));
#2432 = ADVANCED_FACE('',(#2433),#2452,.T.);
#2433 = FACE_BOUND('',#2434,.T.);
#2434 = EDGE_LOOP('',(#2435,#2443,#2444,#2445));
#2435 = ORIENTED_EDGE('',*,*,#2436,.F.);
#2436 = EDGE_CURVE('',#2110,#2437,#2439,.T.);
#2437 = VERTEX_POINT('',#2438);
#2438 = CARTESIAN_POINT('',(32.2,4.9,4.75));
#2439 = LINE('',#2440,#2441);
#2440 = CARTESIAN_POINT('',(32.2,4.9,7.7));
#2441 = VECTOR('',#2442,1.);
#2442 = DIRECTION('',(0.,-1.224646799147E-16,-1.));
#2443 = ORIENTED_EDGE('',*,*,#2117,.T.);
#2444 = ORIENTED_EDGE('',*,*,#2412,.T.);
#2445 = ORIENTED_EDGE('',*,*,#2446,.F.);
#2446 = EDGE_CURVE('',#2437,#2413,#2447,.T.);
#2447 = CIRCLE('',#2448,3.3);
#2448 = AXIS2_PLACEMENT_3D('',#2449,#2450,#2451);
#2449 = CARTESIAN_POINT('',(28.9,4.9,4.75));
#2450 = DIRECTION('',(0.,-1.224646799147E-16,-1.));
#2451 = DIRECTION('',(1.,0.,0.));
#2452 = CYLINDRICAL_SURFACE('',#2453,3.3);
#2453 = AXIS2_PLACEMENT_3D('',#2454,#2455,#2456);
#2454 = CARTESIAN_POINT('',(28.9,4.9,7.7));
#2455 = DIRECTION('',(0.,-1.224646799147E-16,-1.));
#2456 = DIRECTION('',(1.,0.,0.));
#2457 = ADVANCED_FACE('',(#2458),#2469,.T.);
#2458 = FACE_BOUND('',#2459,.T.);
#2459 = EDGE_LOOP('',(#2460,#2466,#2467,#2468));
#2460 = ORIENTED_EDGE('',*,*,#2461,.F.);
#2461 = EDGE_CURVE('',#2196,#2437,#2462,.T.);
#2462 = LINE('',#2463,#2464);
#2463 = CARTESIAN_POINT('',(32.2,55.15,4.75));
#2464 = VECTOR('',#2465,1.);
#2465 = DIRECTION('',(0.,-1.,1.224646799147E-16));
#2466 = ORIENTED_EDGE('',*,*,#2195,.F.);
#2467 = ORIENTED_EDGE('',*,*,#2109,.T.);
#2468 = ORIENTED_EDGE('',*,*,#2436,.T.);
#2469 = PLANE('',#2470);
#2470 = AXIS2_PLACEMENT_3D('',#2471,#2472,#2473);
#2471 = CARTESIAN_POINT('',(32.2,54.7,7.7));
#2472 = DIRECTION('',(1.,0.,0.));
#2473 = DIRECTION('',(0.,-1.224646799147E-16,-1.));
#2474 = ADVANCED_FACE('',(#2475),#2489,.F.);
#2475 = FACE_BOUND('',#2476,.F.);
#2476 = EDGE_LOOP('',(#2477,#2478,#2479,#2480,#2481,#2482,#2483,#2484,
    #2485,#2486,#2487,#2488));
#2477 = ORIENTED_EDGE('',*,*,#2297,.F.);
#2478 = ORIENTED_EDGE('',*,*,#2283,.F.);
#2479 = ORIENTED_EDGE('',*,*,#2363,.T.);
#2480 = ORIENTED_EDGE('',*,*,#2397,.F.);
#2481 = ORIENTED_EDGE('',*,*,#2422,.F.);
#2482 = ORIENTED_EDGE('',*,*,#2446,.F.);
#2483 = ORIENTED_EDGE('',*,*,#2461,.F.);
#2484 = ORIENTED_EDGE('',*,*,#2203,.F.);
#2485 = ORIENTED_EDGE('',*,*,#2217,.T.);
#2486 = ORIENTED_EDGE('',*,*,#2251,.T.);
#2487 = ORIENTED_EDGE('',*,*,#2348,.F.);
#2488 = ORIENTED_EDGE('',*,*,#2331,.F.);
#2489 = PLANE('',#2490);
#2490 = AXIS2_PLACEMENT_3D('',#2491,#2492,#2493);
#2491 = CARTESIAN_POINT('',(0.7,55.6,4.75));
#2492 = DIRECTION('',(0.,-1.224646799147E-16,-1.));
#2493 = DIRECTION('',(1.,0.,0.));
#2494 = ADVANCED_FACE('',(#2495),#2514,.F.);
#2495 = FACE_BOUND('',#2496,.F.);
#2496 = EDGE_LOOP('',(#2497,#2505,#2512,#2513));
#2497 = ORIENTED_EDGE('',*,*,#2498,.T.);
#2498 = EDGE_CURVE('',#2170,#2499,#2501,.T.);
#2499 = VERTEX_POINT('',#2500);
#2500 = CARTESIAN_POINT('',(17.75,57.6,0.7));
#2501 = LINE('',#2502,#2503);
#2502 = CARTESIAN_POINT('',(17.75,57.6,6.7));
#2503 = VECTOR('',#2504,1.);
#2504 = DIRECTION('',(0.,-1.224646799147E-16,-1.));
#2505 = ORIENTED_EDGE('',*,*,#2506,.F.);
#2506 = EDGE_CURVE('',#2499,#2499,#2507,.T.);
#2507 = CIRCLE('',#2508,0.85);
#2508 = AXIS2_PLACEMENT_3D('',#2509,#2510,#2511);
#2509 = CARTESIAN_POINT('',(16.9,57.6,0.7));
#2510 = DIRECTION('',(0.,-1.224646799147E-16,-1.));
#2511 = DIRECTION('',(1.,0.,0.));
#2512 = ORIENTED_EDGE('',*,*,#2498,.F.);
#2513 = ORIENTED_EDGE('',*,*,#2169,.T.);
#2514 = CYLINDRICAL_SURFACE('',#2515,0.85);
#2515 = AXIS2_PLACEMENT_3D('',#2516,#2517,#2518);
#2516 = CARTESIAN_POINT('',(16.9,57.6,6.7));
#2517 = DIRECTION('',(0.,-1.224646799147E-16,-1.));
#2518 = DIRECTION('',(1.,0.,0.));
#2519 = ADVANCED_FACE('',(#2520),#2523,.F.);
#2520 = FACE_BOUND('',#2521,.F.);
#2521 = EDGE_LOOP('',(#2522));
#2522 = ORIENTED_EDGE('',*,*,#2506,.T.);
#2523 = PLANE('',#2524);
#2524 = AXIS2_PLACEMENT_3D('',#2525,#2526,#2527);
#2525 = CARTESIAN_POINT('',(16.9,57.6,0.7));
#2526 = DIRECTION('',(0.,-1.224646799147E-16,-1.));
#2527 = DIRECTION('',(1.,0.,0.));
#2528 = ADVANCED_FACE('',(#2529),#2549,.T.);
#2529 = FACE_BOUND('',#2530,.T.);
#2530 = EDGE_LOOP('',(#2531,#2532,#2533,#2534,#2535,#2541,#2542,#2548));
#2531 = ORIENTED_EDGE('',*,*,#558,.F.);
#2532 = ORIENTED_EDGE('',*,*,#1039,.F.);
#2533 = ORIENTED_EDGE('',*,*,#606,.T.);
#2534 = ORIENTED_EDGE('',*,*,#175,.F.);
#2535 = ORIENTED_EDGE('',*,*,#2536,.F.);
#2536 = EDGE_CURVE('',#1400,#168,#2537,.T.);
#2537 = LINE('',#2538,#2539);
#2538 = CARTESIAN_POINT('',(21.4,33.5,2.2));
#2539 = VECTOR('',#2540,1.);
#2540 = DIRECTION('',(0.,-1.224646799147E-16,-1.));
#2541 = ORIENTED_EDGE('',*,*,#1407,.T.);
#2542 = ORIENTED_EDGE('',*,*,#2543,.T.);
#2543 = EDGE_CURVE('',#1408,#144,#2544,.T.);
#2544 = LINE('',#2545,#2546);
#2545 = CARTESIAN_POINT('',(21.4,23.3,2.2));
#2546 = VECTOR('',#2547,1.);
#2547 = DIRECTION('',(0.,-1.224646799147E-16,-1.));
#2548 = ORIENTED_EDGE('',*,*,#143,.F.);
#2549 = PLANE('',#2550);
#2550 = AXIS2_PLACEMENT_3D('',#2551,#2552,#2553);
#2551 = CARTESIAN_POINT('',(21.4,28.4,0.881967213115));
#2552 = DIRECTION('',(1.,0.,0.));
#2553 = DIRECTION('',(0.,-1.224646799147E-16,-1.));
#2554 = ADVANCED_FACE('',(#2555),#2566,.F.);
#2555 = FACE_BOUND('',#2556,.T.);
#2556 = EDGE_LOOP('',(#2557,#2558,#2564,#2565));
#2557 = ORIENTED_EDGE('',*,*,#1415,.F.);
#2558 = ORIENTED_EDGE('',*,*,#2559,.T.);
#2559 = EDGE_CURVE('',#1416,#152,#2560,.T.);
#2560 = LINE('',#2561,#2562);
#2561 = CARTESIAN_POINT('',(31.,23.3,2.2));
#2562 = VECTOR('',#2563,1.);
#2563 = DIRECTION('',(0.,-1.224646799147E-16,-1.));
#2564 = ORIENTED_EDGE('',*,*,#151,.T.);
#2565 = ORIENTED_EDGE('',*,*,#2543,.F.);
#2566 = PLANE('',#2567);
#2567 = AXIS2_PLACEMENT_3D('',#2568,#2569,#2570);
#2568 = CARTESIAN_POINT('',(21.4,23.3,2.2));
#2569 = DIRECTION('',(0.,-1.,1.224646799147E-16));
#2570 = DIRECTION('',(0.,-1.224646799147E-16,-1.));
#2571 = ADVANCED_FACE('',(#2572),#2583,.T.);
#2572 = FACE_BOUND('',#2573,.T.);
#2573 = EDGE_LOOP('',(#2574,#2575,#2576,#2577));
#2574 = ORIENTED_EDGE('',*,*,#1397,.T.);
#2575 = ORIENTED_EDGE('',*,*,#2536,.T.);
#2576 = ORIENTED_EDGE('',*,*,#167,.F.);
#2577 = ORIENTED_EDGE('',*,*,#2578,.F.);
#2578 = EDGE_CURVE('',#1398,#160,#2579,.T.);
#2579 = LINE('',#2580,#2581);
#2580 = CARTESIAN_POINT('',(31.,33.5,2.2));
#2581 = VECTOR('',#2582,1.);
#2582 = DIRECTION('',(0.,-1.224646799147E-16,-1.));
#2583 = PLANE('',#2584);
#2584 = AXIS2_PLACEMENT_3D('',#2585,#2586,#2587);
#2585 = CARTESIAN_POINT('',(21.4,33.5,2.2));
#2586 = DIRECTION('',(0.,-1.,1.224646799147E-16));
#2587 = DIRECTION('',(0.,-1.224646799147E-16,-1.));
#2588 = ADVANCED_FACE('',(#2589),#2595,.T.);
#2589 = FACE_BOUND('',#2590,.T.);
#2590 = EDGE_LOOP('',(#2591,#2592,#2593,#2594));
#2591 = ORIENTED_EDGE('',*,*,#159,.T.);
#2592 = ORIENTED_EDGE('',*,*,#2559,.F.);
#2593 = ORIENTED_EDGE('',*,*,#1423,.F.);
#2594 = ORIENTED_EDGE('',*,*,#2578,.T.);
#2595 = PLANE('',#2596);
#2596 = AXIS2_PLACEMENT_3D('',#2597,#2598,#2599);
#2597 = CARTESIAN_POINT('',(31.,28.4,0.6));
#2598 = DIRECTION('',(-1.,0.,0.));
#2599 = DIRECTION('',(0.,1.224646799147E-16,1.));
#2600 = ( GEOMETRIC_REPRESENTATION_CONTEXT(3) 
GLOBAL_UNCERTAINTY_ASSIGNED_CONTEXT((#2604)) 
GLOBAL_UNIT_ASSIGNED_CONTEXT((#2601,#2602,#2603)) REPRESENTATION_CONTEXT
('Context #1','3D Context with UNIT and UNCERTAINTY') );
#2601 = ( LENGTH_UNIT() NAMED_UNIT(*) SI_UNIT(.MILLI.,.METRE.) );
#2602 = ( NAMED_UNIT(*) PLANE_ANGLE_UNIT() SI_UNIT($,.RADIAN.) );
#2603 = ( NAMED_UNIT(*) SI_UNIT($,.STERADIAN.) SOLID_ANGLE_UNIT() );
#2604 = UNCERTAINTY_MEASURE_WITH_UNIT(LENGTH_MEASURE(1.E-07),#2601,
  'distance_accuracy_value','confusion accuracy');
#2605 = PRODUCT_RELATED_PRODUCT_CATEGORY('part',$,(#7));
ENDSEC;
END-ISO-10303-21;
